ZONA,AREA,PERIMETRE,AMPLADA,ALCADA,LAT,LNG,WKT
"Zona blava","46,59275","43,77333","19,49691","2,38975","41,536521399673","2,44154025188793","POLYGON ((2.44163119756131 41.5364652186255, 2.44147005678852 41.536592420869, 2.4414493060574 41.5365775806469, 2.44161044683336 41.5364503784322, 2.44163119756131 41.5364652186255))"
"Zona blava","17,28183","19,05104","7,08699","2,43853","41,5375403624215","2,44021490723853","POLYGON ((2.44017506231435 41.5375559521965, 2.44023354873674 41.5375096522672, 2.4402547521437 41.5375247726324, 2.44019626572258 41.5375710725724, 2.44017506231435 41.5375559521965))"
"Zona blava","104,36163","86,01981","40,42852","2,58139","41,5372486275431","2,44062250210838","POLYGON ((2.44044511003614 41.5373732116023, 2.44077736434245 41.5371081035856, 2.44079989349999 41.5371240432035, 2.44046763920267 41.5373891512845, 2.44044511003614 41.5373732116023))"
"Zona blava","33,35737","33,60356","14,50151","2,30027","41,5374164378079","2,44155595174214","POLYGON ((2.44149258633815 41.537462327625, 2.44159730595185 41.537358067379, 2.44161931705657 41.5373705479549, 2.44151459745765 41.5374748082209, 2.44149258633815 41.537462327625))"
"Zona blava","101,11262","87,35492","41,22474","2,45272","41,5379366906772","2,44160437259847","POLYGON ((2.44144055591322 41.5380761249585, 2.44174502818305 41.5377836456378, 2.44176818857939 41.5377972561547, 2.44146371634871 41.5380897355365, 2.44144055591322 41.5380761249585))"
"Zona blava","49,26973","45,41247","20,27632","2,42991","41,534146022973","2,44378229682999","POLYGON ((2.44386322930123 41.5342150180737, 2.44368195956545 41.5340933504698, 2.44370136453061 41.5340770278155, 2.44388263425785 41.5341986953891, 2.44386322930123 41.5342150180737))"
"Zona blava","75,48527","65,38146","30,19043","2,5003","41,5335453973252","2,44379578716933","POLYGON ((2.44391140651971 41.533440202847, 2.44370477352206 41.5336634502414, 2.44368016744362 41.533650591683, 2.44388680048399 41.5334273443325, 2.44391140651971 41.533440202847))"
"Zona blava","13,49977","15,79986","5,39995","2,49998","41,5336903615173","2,44377364833536","POLYGON ((2.44374286732157 41.5337038984274, 2.4437798264342 41.5336639677343, 2.44380442933637 41.5336768245987, 2.44376747023139 41.5337167552996, 2.44374286732157 41.5337038984274))"
"Zona blava","61,07556","55,52988","25,35624","2,4087","41,5341800215105","2,44319168675027","POLYGON ((2.4432913069105 41.534093102635, 2.44311562911785 41.5342794797621, 2.44309206632297 41.5342669402968, 2.44326774414856 41.5340805632055, 2.4432913069105 41.534093102635))"
"Zona blava","36,6149","35,23886","15,21254","2,40689","41,5344581554689","2,44292950450174","POLYGON ((2.4429939767141 41.534408511952, 2.44288857729891 41.5345203290542, 2.44286503219075 41.5345077989487, 2.44297043162567 41.5343959818679, 2.4429939767141 41.534408511952))"
"Zona blava","107,03773","86,27846","40,49607","2,64316","41,5343086180562","2,44319365673916","POLYGON ((2.44303945436385 41.5344499630281, 2.44332209829319 41.5341534112885, 2.44334785844195 41.5341672728697, 2.44306521456855 41.5344638246722, 2.44303945436385 41.5344499630281))"
"Zona blava","112,45194","86,20632","40,31374","2,78942","41,534098121657","2,4438009492889","POLYGON ((2.44363133981331 41.5339682031183, 2.44399275659081 41.5342092496229, 2.44397055944316 41.5342280399468, 2.44360914264501 41.533986993373, 2.44363133981331 41.5339682031183))"
"Zona blava","100,61375","85,39444","40,19402","2,5032","41,5354182763613","2,44293683622482","POLYGON ((2.4427604342584 41.5355420764038, 2.44309143123102 41.5352789874102, 2.44311323751871 41.5352944760416, 2.44278224055411 41.5355575650972, 2.4427604342584 41.5355420764038))"
"Zona blava","153,97182","132,66505","63,92385","2,40868","41,5348411923239","2,44256846544505","POLYGON ((2.44280169331778 41.5346125309297, 2.44235879872275 41.5350823926236, 2.44233523592579 41.5350698532258, 2.44277813060383 41.5345999916221, 2.44280169331778 41.5346125309297))"
"Zona blava","70,41495","58,02633","26,33984","2,67332","41,5351639220668","2,44238601914275","POLYGON ((2.44248864471766 41.5350729798486, 2.44230980392326 41.5352685025763, 2.44228339327998 41.5352548641901, 2.44246223411543 41.5350593415033, 2.44248864471766 41.5350729798486))"
"Zona blava","88,49843","75,79928","35,39966","2,49998","41,5350875379712","2,44335320474727","POLYGON ((2.44319654415773 41.535195645689, 2.44348808874803 41.5349639597172, 2.44350986481542 41.5349794300349, 2.44321832023214 41.5352111160613, 2.44319654415773 41.535195645689))"
"Zona blava","2,5076","7,00605","2,49998","1,00305","41,534482120367","2,44302963056789","POLYGON ((2.44302076172429 41.5344719832905, 2.443045364779 41.5344848403163, 2.44303849941426 41.5344922574427, 2.44301389635813 41.5344794004157, 2.44302076172429 41.5344719832905))"
"Zona blava","40,15758","36,12477","15,46585","2,59653","41,5348031878063","2,4437110175831","POLYGON ((2.44378577456851 41.5347603750533, 2.44365896687533 41.5348619970224, 2.44363626049937 41.5348460005097, 2.44376306819629 41.5347443785655, 2.44378577456851 41.5347603750533))"
"Zona blava","37,9716","35,37551","15,18758","2,50017","41,5332885411641","2,44403488107469","POLYGON ((2.44409915732387 41.5332388165804, 2.44399520946135 41.5333511235351, 2.44397060472701 41.5333382657107, 2.44407455261103 41.5332259587781, 2.44409915732387 41.5332388165804))"
"Zona blava","13,55633","15,83896","5,41687","2,50261","41,5332966062983","2,4441424806437","POLYGON ((2.44417345318884 41.5332831697104, 2.44413602109053 41.5333230373775, 2.4441115080858 41.5333100428776, 2.4441489401915 41.5332701752185, 2.44417345318884 41.5332831697104))"
"Zona blava","41,66332","38,15312","16,56078","2,51578","41,5335092517522","2,44394337610683","POLYGON ((2.44401264186432 41.5334546423766, 2.44389881810509 41.5335768536236, 2.44387411023276 41.5335638610847, 2.44398793401519 41.533441649862, 2.44401264186432 41.5334546423766))"
"Zona blava","36,82255","34,94082","15,01862","2,45179","41,5343005637934","2,44409844955426","POLYGON ((2.44415579055236 41.534353859457, 2.44402152818915 41.5342637372423, 2.44404110865015 41.5342472681012, 2.44417537100698 41.5343373902932, 2.44415579055236 41.534353859457))"
"Zona blava","36,98333","35,20957","15,16626","2,43853","41,5343199340963","2,44403989724607","POLYGON ((2.44409752372738 41.5343738875128, 2.44396266661022 41.5342822730673, 2.44398227086037 41.5342659806509, 2.44411712797185 41.5343575950736, 2.44409752372738 41.5343738875128))"
"Zona blava","26,16422","25,88704","10,43654","2,50698","41,5344847554305","2,44410975841274","POLYGON ((2.4440558640322 41.5345111518041, 2.44414181569569 41.5344428454982, 2.4441636527496 41.5344583590312, 2.4440777010882 41.5345266653533, 2.4440558640322 41.5345111518041))"
"Zona blava","248,55284","182,06848","88,21672","2,81753","41,5347185765041","2,44464861785656","POLYGON ((2.44426427509827 41.5344454419315, 2.44505537685361 41.5349727247732, 2.44503296384985 41.534991709799, 2.44424186204857 41.5344644268045, 2.44426427509827 41.5344454419315))"
"Zona blava","54,22677","49,05666","22,07146","2,45687","41,5348587718712","2,44533185350265","POLYGON ((2.44523859377768 41.5349301345292, 2.44540194464644 41.5347737465855, 2.44542511302262 41.5347874091352, 2.44526176217456 41.5349437971117, 2.44523859377768 41.5349301345292))"
"Zona blava","81,99214","72,29393","33,71505","2,43192","41,5352145361054","2,44495835926096","POLYGON ((2.44482227855428 41.5353273204079, 2.44507148844923 41.5350882450403, 2.44509443949445 41.5351017516366, 2.44484522963109 41.5353408270536, 2.44482227855428 41.5353273204079))"
"Zona blava","24,50509","25,70706","10,52533","2,3282","41,5361313984878","2,44198498253131","POLYGON ((2.44203888854132 41.5361046336436, 2.44195112949957 41.5361727490282, 2.441931076477 41.5361581633063, 2.44201883551974 41.5360900479368, 2.44203888854132 41.5361046336436))"
"Zona blava","65,79122","61,80332","28,60138","2,30028","41,5369456174609","2,44202955444367","POLYGON ((2.44191528061073 41.5370421938331, 2.44212181680229 41.5368365603982, 2.44214382793628 41.5368490409713, 2.44193729177387 41.5370546744455, 2.44191528061073 41.5370421938331))"
"Zona blava","56,15405","51,15175","23,15024","2,42564","41,5337646269935","2,44330085771789","POLYGON ((2.4432068036766 41.5336872008525, 2.44341422817819 41.5338257226416, 2.44339491198334 41.5338420530579, 2.44318748747156 41.5337035312343, 2.4432068036766 41.5336872008525))"
"Zona blava","25,21691","25,64926","10,3999","2,42473","41,5337464773007","2,44318281383472","POLYGON ((2.44321961237248 41.5337858270419, 2.44312664907463 41.5337234134319, 2.44314601534139 41.5337071275476, 2.44323897863488 41.5337695411419, 2.44321961237248 41.5337858270419))"
"Zona blava","30,10222","26,58903","2,89442","10,4001","41,5338499484278","2,44333404237089","POLYGON ((2.44339208512367 41.5338714335201, 2.44336896855912 41.5338908749332, 2.44327599965679 41.5338284633063, 2.44329911622655 41.5338090219116, 2.44339208512367 41.5338714335201))"
"Zona blava",",95999","5,59996","2,39998",",4","41,5368402166342","2,43960859750532","POLYGON ((2.43959694207891 41.5368468027683, 2.43961677995674 41.5368311462609, 2.43962025292937 41.5368336304989, 2.4396004150516 41.5368492870069, 2.43959694207891 41.5368468027683))"
"Zona blava","35,79757","34,39958","14,77733","2,42247","41,5351614211346","2,44537738874069","POLYGON ((2.44543387548146 41.5352138296815, 2.44530158863358 41.5351253068462, 2.44532090209096 41.5351090125599, 2.44545318893246 41.5351975353732, 2.44543387548146 41.5352138296815))"
"Zona blava","10,38648","13,43713","2,41149","4,30707","41,5359769126833","2,44158882824954","POLYGON ((2.44161704071777 41.5359836096265, 2.441595975505 41.5359984849014, 2.44156061578718 41.5359702157332, 2.44158168099875 41.5359553404647, 2.44161704071777 41.5359836096265))"
"Zona blava","47,89398","44,19404","19,66104","2,43598","41,5430445487826","2,43991069713774","POLYGON ((2.43980323426477 41.5430065698542, 2.44002724796621 41.5430616756615, 2.44001816013751 41.5430825276109, 2.4397941463722 41.5430274217858, 2.43980323426477 41.5430065698542))"
"Zona blava","13,59785","16,05328","5,59726","2,42937","41,5429904991838","2,43969078208398","POLYGON ((2.43971815097455 41.5430087294317, 2.43965436537778 41.5429930680619, 2.43966341320879 41.5429722689293, 2.43972719878743 41.542987930294, 2.43971815097455 41.5430087294317))"
"Zona blava","26,22804","26,19846","10,63243","2,4668","41,5431013084503","2,44014638589018","POLYGON ((2.4402026166113 41.5431264408068, 2.44008116986162 41.5430973445469, 2.4400901552128 41.5430761760664, 2.44021160192711 41.5431052723167, 2.4402026166113 41.5431264408068))"
"Zona blava","52,08776","47,06764","21,06058","2,47323","41,5431620251767","2,44040026242168","POLYGON ((2.44051610318216 41.5432013459625, 2.44027544797076 41.5431439363714, 2.44028442180261 41.5431227042749, 2.44052507694364 41.543180113847, 2.44051610318216 41.5432013459625))"
"Zona blava","51,13529","46,93023","21,03404","2,43107","41,5420156442097","2,44413202735685","POLYGON ((2.44403436197004 41.541954739708, 2.44424560988066 41.5420582052702, 2.44422969292724 41.542076548629, 2.44401844498293 41.5419730830377, 2.44403436197004 41.541954739708))"
"Zona blava","121,47012","68,20266","30,06047","4,04086","41,5446309250242","2,4424920272563","POLYGON ((2.4426425872458 41.544707507243, 2.44231989276829 41.5445869309293, 2.44234146762328 41.5445543426094, 2.44266416198017 41.5446749188624, 2.4426425872458 41.544707507243))"
"Zona blava","32,83876","32,0401","13,60661","2,41344","41,5364175243324","2,43893022131804","POLYGON ((2.43897939834481 41.5364676032968, 2.43886112134183 41.5363832082263, 2.43888104436701 41.536367445347, 2.43899932136761 41.5364518403973, 2.43897939834481 41.5364676032968))"
"Zona blava","11,53576","14,40959","4,80302","2,40177","41,5365267558631","2,4390831230684","POLYGON ((2.43907220715029 41.536504004609, 2.43911389752161 41.5365338431987, 2.43909403899409 41.5365495071162, 2.43905234862201 41.5365196685193, 2.43907220715029 41.536504004609))"
"Zona blava","57,10554","55,45448","25,48663","2,24061","41,5347934460671","2,44101863778971","POLYGON ((2.44111260660685 41.5348845025236, 2.44090496642805 41.5347161054158, 2.44092466923559 41.534702389534, 2.44113230942241 41.5348707866067, 2.44111260660685 41.5348845025236))"
"Zona blava","129,72208","102,26245","48,454","2,67722","41,5387686101706","2,43835858830992","POLYGON ((2.43857645294508 41.5389134192677, 2.43812081715892 41.5386427155704, 2.43814072464776 41.5386238006631, 2.43859636038593 41.5388945042821, 2.43857645294508 41.5389134192677))"
"Zona blava","41,68109","38,00345","16,47118","2,53055","41,5386965052898","2,43832819900818","POLYGON ((2.43839470366679 41.5387525027032, 2.43824238864446 41.5386580897175, 2.43826169446427 41.5386405078382, 2.43841400947399 41.5387349207985, 2.43839470366679 41.5387525027032))"
"Zona blava","49,44533","43,40746","19,11731","2,58642","41,5388288223358","2,43854599326924","POLYGON ((2.43862662676134 41.5388910959019, 2.43844623469195 41.5387848854072, 2.4384653599318 41.5387665487134, 2.43864575198219 41.5388727591783, 2.43862662676134 41.5388910959019))"
"Zona blava","34,74237","32,35723","13,62957","2,54904","41,5390032347313","2,43884091867848","POLYGON ((2.4388953039452 41.5390504561826, 2.43876749498189 41.5389739724625, 2.4387865334908 41.5389560132542, 2.43891434244164 41.5390324969534, 2.4388953039452 41.5390504561826))"
"Zona blava","26,4043","25,07959","9,86258","2,67722","41,5390252874374","2,43879431493383","POLYGON ((2.43883073283333 41.5390622949725, 2.43873798965262 41.5390071949042, 2.43875789707576 41.5389882798908, 2.43885064024669 41.5390433799432, 2.43883073283333 41.5390622949725))"
"Zona blava","14,61232","16,34222","5,52758","2,64353","41,539124001846","2,43895927366265","POLYGON ((2.43897535439354 41.5391488104881, 2.43892347561 41.5391178341977, 2.43894319294396 41.5390991932015, 2.43899507172221 41.5391301694831, 2.43897535439354 41.5391488104881))"
"Zona blava","38,9889","33,98721","14,25933","2,73427","41,5392511394135","2,43917078378959","POLYGON ((2.43911460845257 41.5392011971836, 2.43924756297724 41.539281926908, 2.43922695921293 41.5393010816161, 2.43909400467517 41.5392203518681, 2.43911460845257 41.5392011971836))"
"Zona blava","70,74931","59,89377","27,36113","2,58576","41,5392079991327","2,43918488081535","POLYGON ((2.4390662815409 41.5391220955687, 2.4393227999081 41.5392756886718, 2.43930348040367 41.539293902575, 2.43904696201116 41.539140309429, 2.4390662815409 41.5391220955687))"
"Zona blava","38,9889","33,98721","14,25933","2,73427","41,5393662449685","2,43936002780208","POLYGON ((2.43930385221979 41.5393163028305, 2.43943680721644 41.5393970323374, 2.43941620347069 41.5394161870791, 2.43928324846095 41.5393354575487, 2.43930385221979 41.5393163028305))"
"Zona blava","54,19031","49,56622","22,35952","2,42359","41,5394651425086","2,43832214186391","POLYGON ((2.4384016755667 41.5393833597228, 2.43826777831635 41.53955782952, 2.43824260796021 41.5395469252368, 2.43837650525505 41.5393724554689, 2.4384016755667 41.5393833597228))"
"Zona blava","72,87435","58,6405","26,57838","2,74187","41,5393501594336","2,43834651682499","POLYGON ((2.43843987403114 41.5392523834162, 2.43828169318972 41.5394601956723, 2.4382531593368 41.5394479353719, 2.43841134023881 41.539240123155, 2.43843987403114 41.5392523834162))"
"Zona blava","35,55262","32,65508","13,74002","2,58752","41,5391064822546","2,43859930044174","POLYGON ((2.43865429094772 41.5390589657652, 2.43857108083269 41.5391657721782, 2.43854430985514 41.5391539987166, 2.43862751999872 41.5390471923231, 2.43865429094772 41.5390589657652))"
"Zona blava","46,67188","41,55354","18,21441","2,56236","41,5390689331331","2,43856197188039","POLYGON ((2.43849364361347 41.539133945347, 2.43860377496749 41.5389922805233, 2.43863030001016 41.539003920877, 2.43852016869372 41.5391455857261, 2.43849364361347 41.539133945347))"
"Zona blava","34,05009","31,78208","13,33822","2,55282","41,5388074194109","2,43876497229448","POLYGON ((2.4388189816308 41.5387616604026, 2.43873726899549 41.5388649285752, 2.43871096288195 41.538853178393, 2.4387926755439 41.5387499102389, 2.4388189816308 41.5387616604026))"
"Zona blava","47,62633","45,95012","20,67105","2,30401","41,5369211037485","2,44246013474075","POLYGON ((2.44254557071492 41.5369893195588, 2.44235680493347 41.5368686963552, 2.44237469894614 41.5368528878749, 2.44256346471551 41.5369735110494, 2.44254557071492 41.5369893195588))"
"Zona blava","50,19048","46,15295","20,6454","2,43107","41,5406196009606","2,43885848464312","POLYGON ((2.43898171620776 41.5406334845233, 2.43873433132901 41.5406276033451, 2.43873525313247 41.5406057172662, 2.43898263792793 41.5406115984418, 2.43898171620776 41.5406334845233))"
"Zona blava","99,81284","87,0304","41,08583","2,42937","41,5421309325526","2,4384364496351","POLYGON ((2.43820529286644 41.5420661502259, 2.43867615764795 41.5421747969547, 2.43866760686993 41.5421957144169, 2.43819674195176 41.5420870676527, 2.43820529286644 41.5420661502259))"
"Zona blava","38,90101","36,88429","16,01277","2,42937","41,5421404503301","2,43827428091719","POLYGON ((2.43836207742725 41.5421715851815, 2.43817814351023 41.5421302806309, 2.43818648449191 41.542109315412, 2.43837041835513 41.5421506199491, 2.43836207742725 41.5421715851815))"
"Zona blava","25,7322","25,81261","10,44201","2,4643","41,5421981982214","2,43852910094838","POLYGON ((2.43858449087402 41.5422227525341, 2.43846494313844 41.5421948401561, 2.43847371106485 41.542173643882, 2.43859325876537 41.5422015562507, 2.43858449087402 41.5422227525341))"
"Zona blava","61,56985","55,01472","25,04942","2,45793","41,5423613454057","2,43944128652691","POLYGON ((2.43958049284437 41.5424050620578, 2.4392934249401 41.5423387910095, 2.43930208039851 41.542317628586, 2.4395891482185 41.5423838996123, 2.43958049284437 41.5424050620578))"
"Zona blava","13,75893","16,11132","5,5977","2,45796","41,5423075188779","2,43920792001987","POLYGON ((2.43923567087635 41.542325501715, 2.4391715179368 41.542310699659, 2.43918016917884 41.5422895360341, 2.43924432209955 41.5423043380853, 2.43923567087635 41.542325501715))"
"Zona blava","50,2138","46,17508","20,65666","2,43088","41,5425085848612","2,43989175649663","POLYGON ((2.44000621851784 41.5425457226816, 2.43976894610337 41.5424924245937, 2.43977729460743 41.5424714469274, 2.44001456695245 41.5425247449978, 2.44000621851784 41.5425457226816))"
"Zona blava","100,58451","86,88796","40,9901","2,45387","41,5424926222744","2,44002572117681","POLYGON ((2.440256360302 41.5425572377855, 2.43978646890333 41.5424491401068, 2.43979508251523 41.5424280063028, 2.44026497377601 41.5425361039458, 2.440256360302 41.5425572377855))"
"Zona blava","60,80065","54,83169","24,98207","2,43377","41,5424130647595","2,43947474925191","POLYGON ((2.43961403651778 41.5424558163411, 2.43932709809152 41.5423913143863, 2.43933546217107 41.54237031301, 2.43962240051327 41.5424348149437, 2.43961403651778 41.5424558163411))"
"Zona blava","75,00183","63,06976","28,94357","2,59131","41,5425896256229","2,44024384946214","POLYGON ((2.44040491529648 41.5426394704428, 2.44007355995926 41.542562068433, 2.44008278387705 41.5425397805784, 2.44041413911206 41.5426171825612, 2.44040491529648 41.5426394704428))"
"Zona blava","14,87559","17,10913","6,12649","2,42808","41,5425744837804","2,44037748274562","POLYGON ((2.44040846031253 41.5425929013232, 2.44033812197394 41.5425770097643, 2.44034650519634 41.5425560662292, 2.4404168435144 41.5425719577829, 2.44040846031253 41.5425929013232))"
"Zona blava","50,2138","46,17508","20,65666","2,43088","41,5426764110822","2,44062501196871","POLYGON ((2.44073947471238 41.5427135481761, 2.44050220106706 41.5426602515952, 2.4405105493569 41.542639273875, 2.44074782293276 41.5426925704383, 2.44073947471238 41.5427135481761))"
"Zona blava","49,43274","45,5884","20,36711","2,42709","41,5426331711559","2,44063393114088","POLYGON ((2.44052099648021 41.542596647429, 2.44075512759108 41.5426487333028, 2.44074686592949 41.5426696947724, 2.44051273475 41.5426176088814, 2.44052099648021 41.542596647429))"
"Zona blava","50,5341","45,78752","20,41889","2,47487","41,5431134170137","2,44180592916234","POLYGON ((2.44175097557482 41.543196338593, 2.44183292318355 41.5430230333382, 2.44186088260857 41.543030495406, 2.44177893506465 41.5432038006809, 2.44175097557482 41.543196338593))"
"Zona blava","15,11384","17,30133","6,22129","2,42937","41,5430602292934","2,44176948720824","POLYGON ((2.44174334252716 41.5430830087223, 2.44176816651225 41.5430301672192, 2.44179563187097 41.5430374498584, 2.44177080790531 41.5430902913675, 2.44174334252716 41.5430830087223))"
"Zona blava","13,44374","15,85137","5,4663","2,45939","41,5431451565814","2,44172934843593","POLYGON ((2.44175414757576 41.5431256220286, 2.44173235736035 41.5431720565562, 2.44170454928116 41.5431646911287, 2.44172633951387 41.5431182566065, 2.44175414757576 41.5431256220286))"
"Zona blava","312,31243","258,38521","126,72818","2,46443","41,5429647454344","2,44313890469193","POLYGON ((2.44345731471139 41.5424464495483, 2.44284755187783 41.5434919490092, 2.44282048955128 41.5434830403607, 2.44343025273391 41.5424375410438, 2.44345731471139 41.5424464495483))"
"Zona blava","55,68721","49,43159","22,2083","2,50749","41,5422362805448","2,44434527483798","POLYGON ((2.44438346149049 41.5423327574695, 2.4442794166582 41.5421486294056, 2.44430708829756 41.5421398036063, 2.44441113319476 41.5423239316459, 2.44438346149049 41.5423327574695))"
"Zona blava","98,1332","47,11333","18,14983","5,40684","41,5421403339731","2,44443681933168","POLYGON ((2.44436642725896 41.5422072471582, 2.44444699685614 41.5420553884388, 2.44450721125897 41.5420734207432, 2.44442664177938 41.542225279505, 2.44436642725896 41.5422072471582))"
"Zona blava","37,57574","35,78691","15,46349","2,42997","41,5436341858749","2,4414968153918","POLYGON ((2.4414522183944 41.5436962105463, 2.44151394116254 41.5435648743801, 2.4415414123035 41.5435721611849, 2.44147968958372 41.543703497366, 2.4414522183944 41.5436962105463))"
"Zona blava","26,18619","26,18306","10,62754","2,46399","41,5437901404935","2,44142266260822","POLYGON ((2.44145815935504 41.5437488763992, 2.44141495707458 41.5438389296898, 2.44138716581608 41.5438314045762, 2.44143036812987 41.5437413512961, 2.44145815935504 41.5437488763992))"
"Zona blava","13,6136","16,06493","5,60259","2,42988","41,5435791022367","2,4415850999818","POLYGON ((2.44160996169252 41.5435589151269, 2.44158772813 41.5436065337878, 2.44156023825561 41.543599289341, 2.44158247183569 41.5435516706854, 2.44160996169252 41.5435589151269))"
"Zona blava","38,09741","36,00357","15,55213","2,44966","41,5437065228707","2,44152493258011","POLYGON ((2.44157009638551 41.5436442649189, 2.44150742955264 41.5437761965275, 2.44147976868761 41.5437687808035, 2.44154243556922 41.5436368492102, 2.44157009638551 41.5436442649189))"
"Zona blava","13,48469","15,96247","5,55278","2,42846","41,5432522272136","2,4417400510705","POLYGON ((2.44176536917241 41.543232652218, 2.44174199411458 41.5432794824588, 2.4417147329533 41.5432718022034, 2.44173810802791 41.5432249719681, 2.44176536917241 41.543232652218))"
"Zona blava","15,15601","17,33605","6,23865","2,42937","41,5438707384189","2,44144570808695","POLYGON ((2.44147190133707 41.5438478940851, 2.44144697619159 41.5439008746368, 2.44141951481837 41.5438935827465, 2.44144443998334 41.5438406022009, 2.44147190133707 41.5438478940851))"
"Zona blava","49,90366","44,67815","19,82141","2,51766","41,5453282553059","2,44384411970677","POLYGON ((2.44374020618307 41.545283501275, 2.44395962674372 41.5453520715312, 2.44394803337445 41.5453730092435, 2.44372861275577 41.545304438965, 2.44374020618307 41.545283501275))"
"Zona blava","76,83073","64,97962","29,92212","2,56769","41,5450165286311","2,4431493120243","POLYGON ((2.44298921728627 41.5449546622614, 2.44332109644268 41.5450569993455, 2.44330940706956 41.5450783947791, 2.44297752782291 41.5449760576612, 2.44298921728627 41.5449546622614))"
"Zona blava","243,45842","196,38575","95,6475","2,54537","41,5453140837981","2,44409584784322","POLYGON ((2.44461915646014 41.5454905028326, 2.44356079270917 41.5451588216186, 2.44357254209286 41.5451376623943, 2.44463090556118 41.5454693434997, 2.44461915646014 41.5454905028326))"
"Zona blava","64,2023","57,17479","26,1304","2,457","41,5454372243703","2,44419148585385","POLYGON ((2.44405256660817 41.5453817335302, 2.44434173925199 41.5454722880821, 2.44433040533842 41.5454927150435, 2.44404123262001 41.545402160463, 2.44405256660817 41.5453817335302))"
"Zona blava","51,55093","47,29843","21,21984","2,42937","41,5455685116572","2,44461106447459","POLYGON ((2.44449925885169 41.5455216360465, 2.4447340794575 41.545595190688, 2.44472287025965 41.5456153871597, 2.44448804959399 41.5455418324951, 2.44449925885169 41.5455216360465))"
"Zona blava","45,97777","41,7613","18,379","2,50165","41,5409361522825","2,4422160022033","POLYGON ((2.44211041845423 41.5409099721391, 2.44232705837574 41.5409401778894, 2.44232158603863 41.5409623323293, 2.44210494604595 41.5409321265685, 2.44211041845423 41.5409099721391))"
"Zona blava","45,88033","45,43469","20,47674","2,24061","41,5345857673246","2,4407634716814","POLYGON ((2.44083703206068 41.5346602730927, 2.44067020867228 41.5345249773514, 2.44068991147052 41.5345112615094, 2.44085673486538 41.5346465572224, 2.44083703206068 41.5346602730927))"
"Zona blava","13,26725","15,78197","5,46195","2,42903","41,5435212780839","2,44155061380244","POLYGON ((2.44152602699959 41.5435408624637, 2.44154772363493 41.5434944447041, 2.44157520059045 41.5435016936986, 2.44155350397224 41.5435481114633, 2.44152602699959 41.5435408624637))"
"Zona blava","26,66557","26,61627","10,85062","2,45752","41,5406354122365","2,43949157342386","POLYGON ((2.43955606750208 41.5406481610192, 2.43942606176067 41.5406447854229, 2.43942707937143 41.5406226634177, 2.43955708506862 41.5406260390127, 2.43955606750208 41.5406481610192))"
"Zona blava","48,57006","44,74829","19,9381","2,43604","41,5361232189429","2,44169414899541","POLYGON ((2.44162227921089 41.5360506444087, 2.44178716044497 41.5361806570084, 2.44176601894022 41.5361957934323, 2.4416011377107 41.5360657808027, 2.44162227921089 41.5360506444087))"
"Zona blava","21,96898","22,79302","8,9388","2,45771","41,5406271204829","2,43917268976932","POLYGON ((2.43922575028955 41.540639525423, 2.43911864655925 41.5406368401647, 2.43911962926954 41.5406147155186, 2.43922673296339 41.5406174007756, 2.43922575028955 41.540639525423))"
"Zona blava","21,82196","22,55379","8,796","2,4809","41,5356689375796","2,44448438763216","POLYGON ((2.44452824098392 41.5356442727552, 2.44446415006816 41.5357071847077, 2.44444053424717 41.5356936023869, 2.44450462517212 41.5356306904476, 2.44452824098392 41.5356442727552))"
"Zona blava","117,4526","95,02769","44,89785","2,616","41,5422877513334","2,43892339980213","POLYGON ((2.43917694281541 41.5423565951336, 2.43866093081527 41.5422414950831, 2.43866985733207 41.5422189069767, 2.43918586916934 41.5423340069866, 2.43917694281541 41.5423565951336))"
"Zona blava","15,11384","17,30133","6,22129","2,42937","41,5422063262456","2,43876800652792","POLYGON ((2.43879938085152 41.5422250106175, 2.43872808146214 41.542208559332, 2.43873663222242 41.5421876418651, 2.43880793159111 41.5422040931452, 2.43879938085152 41.5422250106175))"
"Zona blava","24,49846","25,70708","10,52615","2,32739","41,536695842407","2,44131502433396","POLYGON ((2.4413684753433 41.5366685616913, 2.44128186356259 41.5367375118621, 2.4412615732798 41.5367231230975, 2.44134818506252 41.5366541729418, 2.4413684753433 41.5366685616913))"
"Zona blava","42,15544","39,58241","17,36337","2,42784","41,5366878687298","2,44039278892004","POLYGON ((2.44033073033684 41.5366241492359, 2.4404757287249 41.5367363548199, 2.44045484762475 41.5367515881903, 2.44030984923934 41.5366393825803, 2.44033073033684 41.5366241492359))"
"Zona blava","13,38094","15,89867","5,52935","2,41999","41,5362592483463","2,43982981585405","POLYGON ((2.43984249159591 41.5362847076007, 2.43979632389301 41.5362489710039, 2.43981714012203 41.5362337890905, 2.43986330782577 41.536269525679, 2.43984249159591 41.5362847076007))"
"Zona blava","35,73078","33,91986","14,49487","2,46506","41,5363599684031","2,43996023377582","POLYGON ((2.43991032265503 41.5363053953916, 2.44003134897197 41.5363990766363, 2.44001014498024 41.536414541393, 2.43988911866556 41.5363208601263, 2.43991032265503 41.5363053953916))"
"Zona blava","25,34182","25,69701","10,41539","2,43311","41,5364016582346","2,43899459952154","POLYGON ((2.4390297486878 41.5364419424757, 2.43893933477373 41.5363772437421, 2.43895945039876 41.5363613739826, 2.43904986431112 41.5364260727007, 2.4390297486878 41.5364419424757))"
"Zona blava","13,63924","16,07446","5,60292","2,43431","41,536277176062","2,43882064219444","POLYGON ((2.4388352722295 41.5363023964811, 2.4387861227561 41.5362680002486, 2.43880601217067 41.536251955641, 2.43885516164264 41.5362863518651, 2.4388352722295 41.5363023964811))"
"Zona blava","13,35508","15,64227","5,30249","2,51864","41,5363268215489","2,43889118613357","POLYGON ((2.43890367645717 41.5363515369476, 2.43885779791817 41.5363184797842, 2.43887869581941 41.5363021061487, 2.43892457435766 41.5363351633039, 2.43890367645717 41.5363515369476))"
"Zona blava","27,64216","27,4862","11,29603","2,44707","41,5455240606577","2,44476804542792","POLYGON ((2.44471104368083 41.5454944689628, 2.44483623802137 41.5455332775732, 2.44482504722716 41.5455536523245, 2.44469985285427 41.5455148437019, 2.44471104368083 41.5454944689628))"
"Zona blava","45,27625","42,16296","18,65437","2,42711","41,5364156060263","2,44107167341065","POLYGON ((2.44100359723604 41.5363480701749, 2.44116048359502 41.5364678047221, 2.44113974972655 41.5364831418375, 2.44098286336937 41.5363634072624, 2.44100359723604 41.5363480701749))"
"Zona blava","38,80216","36,02309","15,50976","2,50179","41,5359552107494","2,43943582922518","POLYGON ((2.43949046676631 41.5360128349706, 2.4393598486569 41.5359134172258, 2.4393811917808 41.5358975865025, 2.43951180989157 41.5359970042233, 2.43949046676631 41.5360128349706))"
"Zona blava","13,59785","16,05328","5,59726","2,42937","41,5405923320693","2,43779803202312","POLYGON ((2.43783110334798 41.540604069298, 2.43776403418492 41.5406024654842, 2.43776496071024 41.5405805948313, 2.43783202985073 41.5405821986443, 2.43783110334798 41.540604069298))"
"Zona blava","63,26574","56,94274","26,04199","2,42937","41,5408799191183","2,44181165094931","POLYGON ((2.44166107142997 41.5408471167543, 2.44196770792616 41.5408912299864, 2.44196223062286 41.5409127212858, 2.44165559402919 41.5408686080387, 2.44166107142997 41.5408471167543))"
"Zona blava","37,57574","35,78691","15,46349","2,42997","41,544141901206","2,44125556040205","POLYGON ((2.44121096282088 41.5442039257748, 2.44127268656996 41.5440725897556, 2.44130015789752 41.5440798766186, 2.44123843419676 41.5442112126526, 2.44121096282088 41.5442039257748))"
"Zona blava","25,38474","25,7566","10,44888","2,42942","41,5440694332881","2,44135073707898","POLYGON ((2.44131629707373 41.5441102333074, 2.44135768581393 41.5440214036945, 2.44138517704075 41.5440286332579, 2.44134378833336 41.5441174628808, 2.44131629707373 41.5441102333074))"
"Zona blava","12,76852","15,41105","5,29334","2,41219","41,5440088340803","2,44131934620457","POLYGON ((2.44129522245758 41.5440277509596, 2.44131617076241 41.5439827454188, 2.44134346993747 41.5439899171957, 2.44132252164915 41.5440349227415, 2.44129522245758 41.5440277509596))"
"Zona blava","142,1265","115,21856","55,0264","2,58288","41,5348143376504","2,44271631623419","POLYGON ((2.44292088201485 41.5346196014308, 2.44253692563948 41.5350226152669, 2.44251174922392 41.5350090734919, 2.44289570567365 41.5346060597394, 2.44292088201485 41.5346196014308))"
"Zona blava","49,44045","45,62969","20,39012","2,42473","41,5336046499372","2,44297147402818","POLYGON ((2.44305292280427 41.5336739772633, 2.44287065914706 41.5335516083954, 2.44289002542584 41.5335353225537, 2.44307228907452 41.5336576913911, 2.44305292280427 41.5336739772633))"
"Zona blava","23,03876","23,851","9,5005","2,42501","41,5336367085506","2,44310939553017","POLYGON ((2.44307648669518 41.533600123204, 2.4431616143763 41.5336569669407, 2.44314230440211 41.5336732938878, 2.4430571767168 41.5336164501368, 2.44307648669518 41.533600123204))"
"Zona blava","13,59785","16,05328","5,59726","2,42937","41,5405884355653","2,43765487137581","POLYGON ((2.43762200380287 41.5405763796137, 2.43768903992162 41.5405786316205, 2.43768773896103 41.5406004915075, 2.43762070281977 41.5405982394998, 2.43762200380287 41.5405763796137))"
"Zona blava","81,79081","70,90389","32,97128","2,48067","41,5372034022431","2,44176928563546","POLYGON ((2.44163879997741 41.5373154814892, 2.44187598193883 41.5370779150558, 2.44189977084246 41.5370913228438, 2.44166258891802 41.5373288893259, 2.44163879997741 41.5373154814892))"
"Zona blava","65,71823","54,04345","24,31943","2,70229","41,5356369978871","2,43902878947798","POLYGON ((2.43911912327885 41.5357238127708, 2.43891529525927 41.5355672004541, 2.43893845591822 41.5355501829326, 2.43914228394116 41.5357067952087, 2.43911912327885 41.5357238127708))"
"Zona blava","145,19205","118,85321","56,87372","2,55288","41,5357420655496","2,44129780616232","POLYGON ((2.44107541362908 41.5355476038502, 2.44154249326731 41.535920773759, 2.44152020002615 41.5359365268206, 2.44105312040474 41.5355633568224, 2.44107541362908 41.5355476038502))"
"Zona blava","25,01962","24,02415","9,33062","2,68145","41,5351603805479","2,44127765692523","POLYGON ((2.44123308072625 41.5351884839729, 2.44129557419206 41.5351187827945, 2.44132223308569 41.5351322771052, 2.4412597396352 41.535201978298, 2.44123308072625 41.5351884839729))"
"Zona blava","58,06536","48,74361","2,67639","21,69542","41,5353594179546","2,44108782221439","POLYGON ((2.44114975729581 41.5352726636609, 2.44117596040572 41.5352865740829, 2.44102588696649 41.5354461722126, 2.44099968382507 41.5354322617567, 2.44114975729581 41.5352726636609))"
"Zona blava","134,2191","112,81989","53,92076","2,48919","41,5377804582634","2,43991382753015","POLYGON ((2.43968128135804 41.5379494768034, 2.44012465802556 41.5375960607587, 2.44014637249164 41.5376114392405, 2.43970299583547 41.5379648553681, 2.43968128135804 41.5379494768034))"
"Zona blava","67,34291","57,66432","26,26852","2,56364","41,5360672552709","2,43852624082914","POLYGON ((2.43842273165929 41.5359773661029, 2.43865092789838 41.5361404110836, 2.43862975028528 41.5361571443462, 2.43840155404149 41.5359940993239, 2.43842273165929 41.5359773661029))"
"Zona blava","24,89664","25,32676","10,2296","2,43379","41,5362031214391","2,43871715884227","POLYGON ((2.43875149852543 41.5362428308914, 2.43866269800807 41.5361792860765, 2.43868281920097 41.5361634119764, 2.43877161971666 41.536226956776, 2.43875149852543 41.5362428308914))"
"Zona blava","28,71489","27,0407","10,88147","2,63888","41,5357793805945","2,43921393594383","POLYGON ((2.43918140082695 41.535735276386, 2.43926974551223 41.5358073870204, 2.43924647110468 41.5358234847937, 2.43915812642376 41.5357513741416, 2.43918140082695 41.535735276386))"
"Zona blava","14,43826","16,77064","5,9647","2,42062","41,5358576647222","2,43931557277978","POLYGON ((2.43930108024832 41.5358307972777, 2.43935088566771 41.5358693453453, 2.43933006532313 41.5358845321648, 2.43928025990465 41.5358459840883, 2.43930108024832 41.5358307972777))"
"Zona blava","49,93004","45,9455","20,54214","2,43062","41,5361431975975","2,43968435145293","POLYGON ((2.43960893914759 41.5360692523365, 2.4397806494277 41.5362018770648, 2.43975976392967 41.5362171428091, 2.43958805365254 41.5360845180499, 2.43960893914759 41.5360692523365))"
"Zona blava","61,1956","55,63585","25,40956","2,40837","41,536799996135","2,43946317018988","POLYGON ((2.439362847142 41.5367132156516, 2.43958340641524 41.5368710693636, 2.43956349350567 41.5368867765313, 2.43934293422834 41.5367289227815, 2.439362847142 41.5367132156516))"
"Zona blava","13,01047","15,63572","5,41534","2,40252","41,5365151964854","2,43915301241776","POLYGON ((2.43913943896673 41.5364905417797, 2.4391864485919 41.5365241809172, 2.439166585879 41.5365398511895, 2.43911957625297 41.536506212044, 2.43913943896673 41.5364905417797))"
"Zona blava","25,34182","25,69701","10,41539","2,43311","41,5365914940945","2,43925889868392","POLYGON ((2.43929404811658 41.5366317782552, 2.43920363367449 41.5365670797282, 2.43922374929477 41.536551209923, 2.43931416373515 41.5366159084344, 2.43929404811658 41.5366317782552))"
"Zona blava","25,1838","25,64679","10,40244","2,42095","41,5366405381704","2,43987351204405","POLYGON ((2.43982572168688 41.5366725423512, 2.43989758386729 41.5365959679474, 2.43992130235414 41.5366085339692, 2.43984944018747 41.5366851083877, 2.43982572168688 41.5366725423512))"
"Zona blava","2,02326","6,54993","2,44871",",82625","41,5379660278255","2,4396815015528","POLYGON ((2.4396732762418 41.5379561652894, 2.43969599827025 41.5379701298505, 2.43968972686624 41.5379758903611, 2.43966700483716 41.5379619257987, 2.4396732762418 41.5379561652894))"
"Zona blava","27,00734","26,85657","10,9653","2,46298","41,5360818701538","2,44046472527585","POLYGON ((2.44041451837487 41.5361156140623, 2.44049090326537 41.5360352348676, 2.44051493212467 41.5360481262228, 2.44043854724841 41.5361285054333, 2.44041451837487 41.5361156140623))"
"Zona blava","72,87837","63,03256","29,00354","2,51274","41,5362933971323","2,44026242772896","POLYGON ((2.4401491496307 41.5363931235951, 2.440351191146 41.5361805187294, 2.44037570547874 41.536193670554, 2.44017366400185 41.5364062754626, 2.4401491496307 41.5363931235951))"
"Zona blava","2,52042","7,10246","2,57084",",98039","41,5361755092259","2,44037447732934","POLYGON ((2.44038565697026 41.536184618793, 2.44035806353309 41.536174306093, 2.44036329769151 41.5361663996578, 2.44039089112618 41.5361767123565, 2.44038565697026 41.536184618793))"
"Zona blava","93,13776","81,49584","38,31722","2,4307","41,5361654210981","2,44074228251547","POLYGON ((2.44059108922973 41.5360350634777, 2.4409141879101 41.536280378395, 2.44089347640774 41.5362957785205, 2.44057037773025 41.5360504635457, 2.44059108922973 41.5360350634777))"
"Zona blava","25,73943","26,05771","10,60079","2,42807","41,5365680916335","2,44023792102731","POLYGON ((2.44027168503004 41.5366099872443, 2.44018325328493 41.536541414733, 2.44020415706798 41.5365261960129, 2.44029258881481 41.5365947685082, 2.44027168503004 41.5366099872443))"
"Zona blava","25,03379","25,4629","10,30129","2,43016","41,5369113247976","2,44068145109617","POLYGON ((2.44064886197901 41.5368704286535, 2.44073493117437 41.5369369650745, 2.44071404025417 41.5369522209325, 2.44062797106034 41.5368856844959, 2.44064886197901 41.5368704286535))"
"Zona blava","3,40949","7,6508","2,41163","1,41377","41,5358149686087","2,44130827583836","POLYGON ((2.44132460980442 41.5358121619067, 2.44130355672753 41.5358270486368, 2.4412919418709 41.5358177753084, 2.44131299494739 41.5358028885803, 2.44132460980442 41.5358121619067))"
"Zona blava","3,39293","7,62755","1,41365","2,40013","41,5358385134375","2,44133781398216","POLYGON ((2.4413331494362 41.5358505586141, 2.44132153184177 41.5358412887073, 2.44134247852637 41.5358264682607, 2.44135409612117 41.5358357381655, 2.4413331494362 41.5358505586141))"
"Zona blava","38,96654","36,60174","15,84102","2,45985","41,5361134264842","2,44176086819134","POLYGON ((2.44170604235775 41.5360541361741, 2.4418370422288 41.5361574324048, 2.44181569412476 41.5361727167683, 2.44168469425736 41.5360694205136, 2.44170604235775 41.5360541361741))"
"Zona blava","13,03077","15,62177","5,39598","2,4149","41,5360306864643","2,4416564371856","POLYGON ((2.44164486092852 41.536005523486, 2.44168912379315 41.5360409654406, 2.44166801345158 41.5360558494413, 2.44162375058851 41.5360204074787, 2.44164486092852 41.536005523486))"
"Zona blava","60,11612","56,0883","25,7055","2,33865","41,5369122866856","2,44104845352631","POLYGON ((2.44093256833343 41.5369893030531, 2.44114393771755 41.5368208216017, 2.44116433844449 41.5368352701984, 2.44095296906546 41.5370037516869, 2.44093256833343 41.5369893030531))"
"Zona blava","104,32879","96,69775","46,08504","2,26383","41,5366015880609","2,44195181160507","POLYGON ((2.44215464462929 41.5367428471363, 2.44173152973916 41.5364759453187, 2.4417489794641 41.5364603286298, 2.4421720943256 41.5367272303837, 2.44215464462929 41.5367428471363))"
"Zona blava","192,40333","101,00697","46,35262","4,15086","41,5384809770544","2,43905682640223","POLYGON ((2.43886612540852 41.5386339403422, 2.43920831988376 41.5383049899841, 2.43924752649672 41.5383280134406, 2.43890533209622 41.5386569639145, 2.43886612540852 41.5386339403422))"
"Zona blava","23,20501","23,34782","9,13317","2,54074","41,5388533459859","2,43879202632383","POLYGON ((2.43875089335476 41.5388828023027, 2.4388070039825 41.5388121618883, 2.43883315925559 41.538823889654, 2.4387770486459 41.5388945300812, 2.43875089335476 41.5388828023027))"
"Zona blava","11,6844","14,30571","4,6283","2,52456","41,5396655004257","2,43810137261739","POLYGON ((2.43807424342657 41.5396776772801, 2.43810243363492 41.5396417707368, 2.43812850179809 41.5396533235648, 2.438100311599 41.5396892301144, 2.43807424342657 41.5396776772801))"
"Zona blava","35,4644","32,6358","13,73605","2,58185","41,5396559385421","2,43817556461447","POLYGON ((2.43823047313443 41.5396083977603, 2.43814737864595 41.5397152138969, 2.43812065601399 41.5397034792969, 2.43820375053098 41.5395966631794, 2.43823047313443 41.5396083977603))"
"Zona blava","44,77923","40,45315","17,69612","2,53045","41,5403845700264","2,43852198746454","POLYGON ((2.43844507954216 41.5404406282793, 2.43857490199401 41.540314564374, 2.43859889525411 41.5403285117205, 2.43846907282036 41.5404545756528, 2.43844507954216 41.5404406282793))"
"Zona blava","2,05056","6,52305","2,41104",",85049","41,5404729453518","2,43842962148741","POLYGON ((2.43842120416562 41.5404633235242, 2.43844421108607 41.540476469793, 2.43843803881168 41.5404825671789, 2.43841503189035 41.5404694209089, 2.43842120416562 41.5404633235242))"
"Zona blava","11,6949","14,31411","4,63255","2,52451","41,5400635136165","2,43885245401715","POLYGON ((2.43882350414173 41.5400730760396, 2.43885745097335 41.5400400523201, 2.4388814038841 41.5400539511861, 2.43884745705726 41.5400869749126, 2.43882350414173 41.5400730760396))"
"Zona blava","22,32649","22,73765","8,84448","2,52434","41,5398328949935","2,4390878845421","POLYGON ((2.43904349162804 41.5398574586228, 2.43910833277491 41.5397944269755, 2.43913227742266 41.5398083313467, 2.43906743628485 41.5398713630075, 2.43904349162804 41.5398574586228))"
"Zona blava","63,84571","54,92497","24,89822","2,56427","41,539626987847","2,43929944739069","POLYGON ((2.4394026049376 41.5395451359227, 2.43922065969305 41.5397229184071, 2.4391962895835 41.5397088396759, 2.43937823485447 41.5395310572298, 2.4394026049376 41.5395451359227))"
"Zona blava","12,55594","14,9789","4,95593","2,53352","41,5395610183474","2,43977031774302","POLYGON ((2.43978369585137 41.5395839816318, 2.43973770872422 41.5395557180075, 2.43975693964405 41.5395380550614, 2.43980292676723 41.5395663186781, 2.43978369585137 41.5395839816318))"
"Zona blava","35,945","32,96081","13,89316","2,58724","41,5397049573217","2,44000912809108","POLYGON ((2.4400646611673 41.5397530177366, 2.43993429153437 41.5396751374725, 2.439953595097 41.5396568968801, 2.44008396471694 41.5397347771224, 2.4400646611673 41.5397530177366))"
"Zona blava","63,2186","51,42103","22,9567","2,75382","41,5396990189744","2,439909821533","POLYGON ((2.44000694937694 41.5397732986962, 2.43979206679664 41.5396441057632, 2.43981269391142 41.5396247391711, 2.44002757646951 41.5397539320659, 2.44000694937694 41.5397732986962))"
"Zona blava","140,74339","114,97001","54,92242","2,56259","41,5401078900454","2,43980930088691","POLYGON ((2.44002237366723 41.5399189815214, 2.43962056476917 41.5403108836935, 2.43959622686467 41.5402967981607, 2.43999803582061 41.539904896073, 2.44002237366723 41.5399189815214))"
"Zona blava","22,66173","22,8116","8,84318","2,56262","41,5402423954954","2,43645587759673","POLYGON ((2.43641261939367 41.5402681444354, 2.43647410922101 41.5402032589607, 2.43649913576553 41.5402166465386, 2.43643764595024 41.5402815320267, 2.43641261939367 41.5402681444354))"
"Zona blava","11,8785","14,39182","4,63081","2,5651","41,5401778250633","2,43658925410323","POLYGON ((2.43661774712741 41.540167331347, 2.43658598114115 41.5402015388463, 2.43656076106991 41.5401883187724, 2.43659252706283 41.5401541112802, 2.43661774712741 41.540167331347))"
"Zona blava","67,53231","57,84228","26,35913","2,56201","41,5400262433725","2,43666183175373","POLYGON ((2.4367662963089 41.53993643707, 2.43658234079447 41.5401294830134, 2.43655736690916 41.5401160495769, 2.43674132245891 41.5399230036733, 2.4367662963089 41.53993643707))"
"Zona blava","22,69859","22,84411","8,86019","2,56186","41,5400610746346","2,4367003117091","POLYGON ((2.43674353613438 41.5400351771231, 2.43668215232911 41.5401003070517, 2.43665708724939 41.5400869721296, 2.43671847106689 41.5400218422143, 2.43674353613438 41.5400351771231))"
"Zona blava","15,15016","16,61297","5,60213","2,70436","41,539912438235","2,43684246643143","POLYGON ((2.43687482151644 41.5398985120571, 2.43683685464397 41.5399401346339, 2.43681011133259 41.5399263644035, 2.43684807821397 41.5398847418355, 2.43687482151644 41.5398985120571))"
"Zona blava","101,8983","95,43718","45,47798","2,24061","41,5336595732433","2,43981972910401","POLYGON ((2.43999032235292 41.5338196349103, 2.43962902357697 41.5335128864336, 2.4396491366945 41.5334995113239, 2.44001043549245 41.5338062597382, 2.43999032235292 41.5338196349103))"
"Zona blava","47,38937","43,95956","19,55659","2,42319","41,535298311023","2,44558338535321","POLYGON ((2.44550563438155 41.5352315028312, 2.44568048624606 41.5353488403878, 2.44566113648471 41.5353651191625, 2.44548628461196 41.5352477815767, 2.44550563438155 41.5352315028312))"
"Zona blava","47,38937","43,95956","19,55659","2,42319","41,5358574717116","2,44640129638226","POLYGON ((2.44632343285779 41.5357907371209, 2.44649848270523 41.5359079091846, 2.44647916006662 41.5359242062496, 2.44630411021075 41.5358070341568, 2.44632343285779 41.5357907371209))"
"Zona blava","114,75884","95,75553","45,34709","2,53068","41,5383355247531","2,43826274750579","POLYGON ((2.43843243753544 41.5381755796896, 2.43811779689721 41.5385086624159, 2.43809305663833 41.5384954695564, 2.43840769733806 41.5381623868975, 2.43843243753544 41.5381755796896))"
"Zona blava","145,13949","124,70523","59,93083","2,42178","41,5383078966791","2,43836207826077","POLYGON ((2.43858173427946 41.5380940518939, 2.43816610215488 41.5385343602169, 2.43814242079172 41.5385217410277, 2.43855805299423 41.5380814327897, 2.43858173427946 41.5380940518939))"
"Zona blava","1,98167","6,47778",",81886","2,42003","41,5454853738639","2,4446407834668","POLYGON ((2.44464128333306 41.5454738742115, 2.44465047544429 41.545476464995, 2.44464028360033 41.5454968735162, 2.44463109148663 41.5454942827318, 2.44464128333306 41.5454738742115))"
"Zona blava","1335,28728","265,68071","121,88505","10,9553","41,5368349724225","2,44958359709075","POLYGON ((2.45009176514507 41.537232420103, 2.44898925116938 41.5365119787791, 2.4490754352568 41.5364375225069, 2.45017794894233 41.5371579630121, 2.45009176514507 41.537232420103))"
"Zona blava","1288,4304","292,4398","136,80166","9,41824","41,5367776116486","2,44970972043487","POLYGON ((2.44911615606709 41.5363504384957, 2.45037560539134 41.5371396327475, 2.4503032926171 41.5372047817538, 2.4490438429252 41.5364155867166, 2.44911615606709 41.5363504384957))"
"Zona blava","569,429","205,06328","96,63933","5,89231","41,5368351078519","2,44997455549756","POLYGON ((2.45039141641792 41.5371384601998, 2.44951173479711 41.536572053646, 2.44955769847382 41.5365317540007, 2.45043737995721 41.5370981602059, 2.45039141641792 41.5371384601998))"
"Zona blava","276,80187","86,89752","35,69387","7,75488","41,5363646424337","2,44925578998261","POLYGON ((2.44912172125209 41.5362345924099, 2.44944959245053 41.536441170014, 2.44938985924912 41.5364946923015, 2.44906198797416 41.5362881145285, 2.44912172125209 41.5362345924099))"
"Zona blava","30,31231","29,8123","12,47662","2,42953","41,542272664161","2,43905714002954","POLYGON ((2.43898994698688 41.5422456721758, 2.4391329044122 41.542278741922, 2.4391243331284 41.5422996561071, 2.43898137566161 41.5422665863501, 2.43898994698688 41.5422456721758))"
"Zona blava","13,97402","16,21547","5,62225","2,48548","41,5423636223367","2,43925558095136","POLYGON ((2.43922766144602 41.5423455549702, 2.43929215819867 41.5423602683336, 2.43928350047233 41.5423816896964, 2.43921900370045 41.5423669763282, 2.43922766144602 41.5423455549702))"
"Zona blava","124,71556","76,58222","34,69666","3,59445","41,5403321015733","2,43765876974675","POLYGON ((2.43754329262441 41.5404630659544, 2.43773606103796 41.540186133231, 2.43777424640146 41.5402011370704, 2.43758147810484 41.5404780698577, 2.43754329262441 41.5404630659544))"
"Zona blava","79,64665","65,88231","30,31375","2,62741","41,5399485326681","2,43795166449468","POLYGON ((2.43805569604859 41.5398359776509, 2.4378749595507 41.5400728571357, 2.43784763257887 41.5400610875867, 2.43802836914276 41.5398242081448, 2.43805569604859 41.5398359776509))"
"Zona blava","97,88589","80,08633","37,42784","2,61532","41,5401087120745","2,43776065738758","POLYGON ((2.43788530402382 41.5399680682681, 2.43766325562537 41.5402610131719, 2.43763601020939 41.5402493557388, 2.43785805868977 41.5399564108876, 2.43788530402382 41.5399680682681))"
"Zona blava","18,75176","19,72941","7,29378","2,57092","41,5444700668282","2,442295854737","POLYGON ((2.44229555565694 41.544504895014, 2.44226701785209 41.5444427956789, 2.44229615381654 41.5444352386422, 2.4423246916461 41.5444973379704, 2.44229555565694 41.544504895014))"
"Zona blava","4,00991","8,39991","2,73243","1,46753","41,5357601590155","2,4407104142997","POLYGON ((2.44070210296436 41.5357476645132, 2.44072886746609 41.5357618528931, 2.44071872563823 41.5357726535171, 2.44069196113431 41.5357584651349, 2.44070210296436 41.5357476645132))"
"Zona blava","13,59785","16,05328","5,59726","2,42937","41,5407707806489","2,44103903059678","POLYGON ((2.44100881647394 41.540755294118, 2.44107472232148 41.5407647759164, 2.44106924473412 41.5407862671719, 2.44100333886564 41.5407767853703, 2.44100881647394 41.540755294118))"
"Zona blava","212,28229","90,62765","40,0078","5,30602","41,5378874398122","2,44153744590489","POLYGON ((2.44171038356937 41.537760349627, 2.44141457763951 41.5380440058897, 2.44136450756339 41.5380145297301, 2.44166031357488 41.5377308735953, 2.44171038356937 41.537760349627))"
"Zona blava","2,04477","11,02386","5,11193",",4","41,5378335471343","2,44179320497374","POLYGON ((2.44177340575421 41.5378158847492, 2.44181641971581 41.5378486806622, 2.44181300420401 41.537851209516, 2.44176999024251 41.5378184136018, 2.44177340575421 41.5378158847492))"
"Zona blava","125,83243","88,28721","41,08054","3,06307","41,5407616420738","2,44279314221241","POLYGON ((2.44281189087396 41.540576654722, 2.44281111535251 41.5409466728668, 2.44277439343823 41.5409466294158, 2.442775169169 41.5405766112726, 2.44281189087396 41.540576654722))"
"Zona blava","35,351","41,65578","18,96375","1,86414","41,5404288029632","2,44277320904971","POLYGON ((2.44276926192442 41.5405145680445, 2.44275485288188 41.5403441020483, 2.44277715616334 41.5403430378805, 2.44279156526427 41.5405135038743, 2.44276926192442 41.5405145680445))"
"Zona blava","192,61695","143,42737","68,91885","2,79484","41,54154659368","2,4431621041493","POLYGON ((2.44350561056358 41.5417194852805, 2.44280109387029 41.5413951656503, 2.44281859957123 41.5413737010596, 2.44352311612135 41.5416980205828, 2.44350561056358 41.5417194852805))"
"Zona blava","69,23404","65,63025","30,54878","2,26634","41,5406001338203","2,43810716823184","POLYGON ((2.43792458083708 41.5405855159666, 2.4382906278271 41.5405943486103, 2.43828975571204 41.5406147513846, 2.43792370860714 41.5406059187374, 2.43792458083708 41.5405855159666))"
"Zona blava","81,22742","84,74249","40,3586","2,01264","41,5338066346341","2,44104817080729","POLYGON ((2.44087380249036 41.5339329369811, 2.4412049498199 41.5336679235774, 2.4412225384462 41.5336803320156, 2.44089139112405 41.5339453454694, 2.44087380249036 41.5339329369811))"
"Zona blava",",33647","2,48234",",84117",",4","41,5364098621885","2,4492061756852","POLYGON ((2.44920847110914 41.5364136860077, 2.44920077944587 41.5364087865537, 2.44920388026154 41.5364060383691, 2.44921157192473 41.5364109378229, 2.44920847110914 41.5364136860077))"
"Zona blava","54,08457","49,6402","22,40629","2,41381","41,536082677131","2,43846360693499","POLYGON ((2.4383761960191 41.5360053004655, 2.43857094609077 41.5361442898686, 2.43855101805895 41.5361600537304, 2.43835626798341 41.5360210642939, 2.4383761960191 41.5360053004655))"
"Zona blava","43,45778","40,84","18,00656","2,41344","41,5362900612971","2,43875203616558","POLYGON ((2.43882033643957 41.5363537857082, 2.43866381299639 41.5362420996911, 2.43868373602542 41.5362263368456, 2.43884025946547 41.5363380228359, 2.43882033643957 41.5363537857082))"
"Zona blava","91,68714","74,55937","34,63223","2,64745","41,5358312502308","2,4471446926598","POLYGON ((2.44698717761231 41.5359335311946, 2.44727968555371 41.5357121679744, 2.44730220721156 41.5357289690463, 2.44700969927002 41.5359503323231, 2.44698717761231 41.5359335311946))"
"Zona blava","2,64578","7,1166","2,49998","1,05832","41,5359629707215","2,44697093976948","POLYGON ((2.4469647530548 41.5359516627389, 2.44698605174772 41.5359675040734, 2.44697712648629 41.5359742787038, 2.44695582779338 41.5359584373676, 2.4469647530548 41.5359516627389))"
"Zona blava",",15608","1,5803",",39508",",39508","41,5367057411565","2,4317969863873","POLYGON ((2.43179970861097 41.5367042755659, 2.43179893697715 41.53670778652, 2.4317942641635 41.5367072067469, 2.43179503579756 41.5367036957929, 2.43179970861097 41.5367042755659))"
"Zona blava","0","0","0","0","41,5363604899712","2,447292902119","POLYGON ((2.44707272680944 41.5362460492482, 2.44709019739912 41.5362270094691, 2.44729704002637 41.536332964162, 2.44734193898472 41.5363615326914, 2.44738204436186 41.5363967825868, 2.44741884268095 41.5364323656585, 2.44748877174218 41.5364999013258, 2.44746476914096 41.5365139365346, 2.44735804671726 41.5364108407462, 2.44728277542431 41.5363538499115, 2.44711146605042 41.5362657134517, 2.44711146605042 41.5362657134517, 2.44707272680944 41.5362460492482))"
"Zona blava","0","0","0","0","41,5356665931217","2,44112376783973","POLYGON ((2.4410290885359 41.5356066252765, 2.44102030555814 41.5355996128625, 2.44104126203607 41.5355847944739, 2.44122677487304 41.5357328971147, 2.44120539089784 41.5357480269398, 2.4410290885359 41.5356066252765))"
"Zona blava","0","0","0","0","41,5359205034848","2,44144086595292","POLYGON ((2.44151130051006 41.535960625976, 2.44149035381993 41.5359754464528, 2.44137043132668 41.5358803849446, 2.44139138980935 41.5358655650841, 2.44151130051006 41.535960625976, 2.44151130051006 41.535960625976))"
"Zona blava","0","0","0","0","41,5356785391919","2,44078637928332","POLYGON ((2.44071915590394 41.5357295857508, 2.44082802127817 41.5356134603352, 2.44085427288872 41.5356257185059, 2.4407457239891 41.5357434888646, 2.44071915590394 41.5357295857508))"
"Zona blava","0","0","0","0","41,5358597414173","2,44061376792507","POLYGON ((2.44056670883834 41.5358916538869, 2.44063837854416 41.5358149177654, 2.44066082788123 41.5358268919637, 2.44059035460818 41.5359042093617, 2.44056670883834 41.5358916538869))"
"Zona blava","0","0","0","0","41,5372474548749","2,43929772840266","POLYGON ((2.43923197247887 41.5372988048834, 2.43933896567925 41.5371842784902, 2.43936329219965 41.5371961444654, 2.43925709416039 41.5373102149924, 2.43923197247887 41.5372988048834))"
"Zona blava","0","0","0","0","41,5378218480142","2,4387544975598","POLYGON ((2.43868876750766 41.5378731733889, 2.43879569176406 41.537758723731, 2.43882007238919 41.5377705047629, 2.43871388931359 41.5378845836162, 2.43868876750766 41.5378731733889))"
"Zona blava","0","0","0","0","41,5375807902513","2,43898069325076","POLYGON ((2.43887099929436 41.5376789570973, 2.4390660134867 41.5374706219541, 2.43909031073984 41.5374825334109, 2.43889612105799 41.537690367285, 2.43887099929436 41.5376789570973))"
"Zona blava","0","0","0","0","41,5408240458948","2,44141991207511","POLYGON ((2.44132228111347 41.5408209020946, 2.44132752526915 41.540799358683, 2.44151768411169 41.5408272239051, 2.44151220666525 41.5408487151824, 2.44132228111347 41.5408209020946))"
