CODI_INE,NOMBRE_HABITANTS,NOMBRE_DONES,NOMBRE_HOMES,DONES_00_16,HOMES_00_16,DONES_17_29,HOMES_17_29,DONES_30_49,HOMES_30_49,DONES_50_69,HOMES_50_69,DONES_70,HOMES_70,NOMBRE_VEHICLES,LAT,LNG,WKT
"2-7-05","173","88","85","17","24","16","6","45","37","6","12","4","6","7","41.5445044164117","2.44812714965034","POINT (2.44812714965034 41.5445044164117)"
"1-2-11","372","197","175","32","23","21","24","62","57","53","45","29","26","13","41.5360962357671","2.44770383414957","POINT (2.44770383414957 41.5360962357671)"
"4-9-11","320","162","158","26","22","19","22","42","48","48","43","27","23","10","41.5474449213553","2.43796750200755","POINT (2.43796750200755 41.5474449213553)"
"4-9-10","259","141","118","26","31","16","7","50","44","26","24","23","12","19","41.5482789663759","2.43788453671741","POINT (2.43788453671741 41.5482789663759)"
"2-4-14","122","64","58","19","12","12","7","17","25","9","10","7","4","2","41.5463564163442","2.45099221404934","POINT (2.45099221404934 41.5463564163442)"
"2-4-16","83","46","37","13","9","7","5","14","15","8","6","4","2","3","41.5462693044569","2.45063130361705","POINT (2.45063130361705 41.5462693044569)"
"2-4-13","68","33","35","8","5","5","0","13","20","2","6","5","4","11","41.5464909143601","2.45073442402795","POINT (2.45073442402795 41.5464909143601)"
"2-4-12","36","20","16","6","5","4","0","5","7","2","1","3","3","","41.5465096944214","2.45042460919107","POINT (2.45042460919107 41.5465096944214)"
"2-4-17","472","219","253","24","39","30","37","76","84","57","65","32","28","14","41.5459626254712","2.45038346817255","POINT (2.45038346817255 41.5459626254712)"
"2-4-06","256","129","127","20","13","16","20","28","37","51","42","14","15","12","41.5458677685586","2.451967127112","POINT (2.451967127112 41.5458677685586)"
"2-4-09","366","170","196","48","55","21","28","63","77","30","33","8","3","17","41.5464639799326","2.45133476771994","POINT (2.45133476771994 41.5464639799326)"
"2-4-11","139","67","72","11","13","9","10","19","27","20","16","8","6","6","41.5467562295135","2.45076923251833","POINT (2.45076923251833 41.5467562295135)"
"2-4-10","118","48","70","11","18","5","8","14","29","11","12","7","3","5","41.546833401003","2.45103100397524","POINT (2.45103100397524 41.546833401003)"
"2-4-08","53","26","27","6","4","2","6","8","8","5","7","5","2","1","41.5469195199187","2.45134521005715","POINT (2.45134521005715 41.5469195199187)"
"2-4-05","344","151","193","34","45","30","34","40","70","29","32","18","12","20","41.5468220194544","2.45194996609502","POINT (2.45194996609502 41.5468220194544)"
"2-4-07","54","26","28","7","9","3","3","8","8","3","4","5","4","4","41.5467562800201","2.45256663665205","POINT (2.45256663665205 41.5467562800201)"
"5-16-09","183","89","94","18","15","15","13","35","45","17","14","4","7","11","41.5415724922283","2.42409025030172","POINT (2.42409025030172 41.5415724922283)"
"5-4-15","43","22","21","8","5","2","0","8","12","1","1","3","3","1","41.5439658807165","2.42434232613005","POINT (2.42434232613005 41.5439658807165)"
"6-9-55","129","59","70","8","14","9","4","23","29","13","18","6","5","","41.5264987400204","2.43363876582447","POINT (2.43363876582447 41.5264987400204)"
"6-9-58","38","23","15","0","0","0","0","0","1","0","2","23","12","","41.5274895987872","2.43353818605333","POINT (2.43353818605333 41.5274895987872)"
"6-9-56","55","24","31","4","5","3","5","12","18","5","3","0","0","","41.5254729286349","2.43200392234187","POINT (2.43200392234187 41.5254729286349)"
"6-9-57","143","75","68","16","14","9","11","47","42","2","1","1","0","6","41.5244132941947","2.43031671739471","POINT (2.43031671739471 41.5244132941947)"
"4-9-02","267","127","140","27","49","10","6","61","56","19","18","10","11","8","41.5457351679461","2.43608814898706","POINT (2.43608814898706 41.5457351679461)"
"4-8-03","280","138","142","36","47","7","11","66","56","22","21","7","7","13","41.545160151144","2.43537205847329","POINT (2.43537205847329 41.545160151144)"
"4-8-04","486","238","248","68","77","14","21","102","97","39","38","15","15","18","41.5446102071015","2.4361593198698","POINT (2.4361593198698 41.5446102071015)"
"4-8-01","471","241","230","57","53","19","25","99","88","42","42","24","22","15","41.5440114139624","2.4354334240744","POINT (2.4354334240744 41.5440114139624)"
"2-7-12","344","169","175","42","51","10","5","82","73","27","38","8","8","6","41.544791402267","2.4513081138967","POINT (2.4513081138967 41.544791402267)"
"3-10-04","25","13","12","0","0","0","1","2","0","7","5","4","6","8","41.547285957521","2.44339635474235","POINT (2.44339635474235 41.547285957521)"
"3-12-09","50","25","25","8","9","0","1","12","12","4","3","1","0","1","41.5572177152514","2.45232526028849","POINT (2.45232526028849 41.5572177152514)"
"3-12-10","163","84","79","33","21","3","9","39","37","8","11","1","1","2","41.5581606010579","2.45317793717464","POINT (2.45317793717464 41.5581606010579)"
"3-12-07","99","44","55","14","22","3","2","23","26","3","4","1","1","2","41.5587748164468","2.45202292920027","POINT (2.45202292920027 41.5587748164468)"
"3-12-06","40","18","22","6","8","1","3","9","9","2","2","0","0","2","41.5578754927326","2.45113468031161","POINT (2.45113468031161 41.5578754927326)"
"2-7-06","97","59","38","14","7","6","4","20","11","10","9","9","7","8","41.5455935183854","2.44834562382556","POINT (2.44834562382556 41.5455935183854)"
"5-2-10","184","95","89","14","13","21","15","28","28","25","26","7","7","18","41.5433059683648","2.4278318598692","POINT (2.4278318598692 41.5433059683648)"
"2-1-08","193","97","96","21","27","12","10","34","29","21","22","9","8","10","41.5369467912842","2.45230205821019","POINT (2.45230205821019 41.5369467912842)"
"2-9-06","111","56","55","13","13","5","3","20","22","12","15","6","2","1","41.5413621006811","2.4487065703585","POINT (2.4487065703585 41.5413621006811)"
"3-14-01","291","151","140","26","20","17","17","43","39","50","43","15","21","30","41.5532740470691","2.44292043810922","POINT (2.44292043810922 41.5532740470691)"
"3-14-01","291","151","140","26","20","17","17","43","39","50","43","15","21","30","41.5523683823518","2.4434163568205","POINT (2.4434163568205 41.5523683823518)"
"3-14-01","291","151","140","26","20","17","17","43","39","50","43","15","21","30","41.5517357730323","2.44515643177708","POINT (2.44515643177708 41.5517357730323)"
"3-14-01","291","151","140","26","20","17","17","43","39","50","43","15","21","30","41.554387622028","2.44399971426321","POINT (2.44399971426321 41.554387622028)"
"4-2-05","115","59","56","11","7","6","14","19","12","13","14","10","9","3","41.5496985712946","2.43483384795741","POINT (2.43483384795741 41.5496985712946)"
"6-3-06","191","103","88","13","13","13","15","40","28","23","22","14","10","5","41.5349780243228","2.44057018971158","POINT (2.44057018971158 41.5349780243228)"
"4-9-09","112","58","54","11","9","9","11","19","17","14","11","5","6","5","41.5479573584439","2.4366973562104","POINT (2.4366973562104 41.5479573584439)"
"4-9-08","165","87","78","11","15","14","13","24","21","27","24","11","5","7","41.5487498443033","2.43699459364354","POINT (2.43699459364354 41.5487498443033)"
"4-9-07","273","136","137","27","31","12","19","46","47","29","26","22","14","16","41.5483528672618","2.43578187570437","POINT (2.43578187570437 41.5483528672618)"
"4-9-06","69","31","38","4","10","3","3","9","14","11","9","4","2","1","41.547944389971","2.43543934509055","POINT (2.43543934509055 41.547944389971)"
"3-6-13","75","38","37","9","7","4","6","5","7","17","14","3","3","4","41.553691909708","2.44658686447938","POINT (2.44658686447938 41.553691909708)"
"3-6-17","47","22","25","3","1","3","8","4","4","9","10","3","2","1","41.5538634972414","2.44717664006279","POINT (2.44717664006279 41.5538634972414)"
"3-13-15","250","127","123","29","29","14","22","45","42","27","24","12","6","15","41.5539499581851","2.44030315168144","POINT (2.44030315168144 41.5539499581851)"
"3-14-05","43","22","21","3","2","5","5","3","3","10","8","1","3","4","41.5538886429947","2.44248336312992","POINT (2.44248336312992 41.5538886429947)"
"1-3-01","259","132","127","16","13","15","17","31","45","46","33","24","19","11","41.5384053473059","2.44638333530597","POINT (2.44638333530597 41.5384053473059)"
"5-13-03","725","354","371","52","69","49","46","95","124","78","83","80","49","35","41.5370906012338","2.42736504400402","POINT (2.42736504400402 41.5370906012338)"
"4-5-21","58","29","29","5","5","2","3","8","10","10","8","4","3","1","41.5459212455011","2.43029346321323","POINT (2.43029346321323 41.5459212455011)"
"4-5-26","149","81","68","16","10","15","14","24","20","21","19","5","5","9","41.5442292494368","2.43099356262843","POINT (2.43099356262843 41.5442292494368)"
"4-5-28","56","35","21","6","3","6","3","10","7","9","5","4","3","5","41.5442283848066","2.43040763614225","POINT (2.43040763614225 41.5442283848066)"
"4-5-27","49","24","25","6","3","2","3","7","10","4","6","5","3","1","41.5446003992514","2.43039854890008","POINT (2.43039854890008 41.5446003992514)"
"6-9-53","285","135","150","14","20","17","22","35","47","42","41","27","20","25","41.5316030138734","2.43576160783793","POINT (2.43576160783793 41.5316030138734)"
"6-9-08","572","294","278","49","55","34","39","85","101","83","63","43","20","30","41.532348191655","2.43509368531087","POINT (2.43509368531087 41.532348191655)"
"6-9-51","134","66","68","13","6","8","6","21","19","19","25","5","12","5","41.5320215558715","2.43398122385646","POINT (2.43398122385646 41.5320215558715)"
"3-13-09","257","126","131","23","30","17","18","38","35","44","44","4","4","20","41.5530551051521","2.43810207072748","POINT (2.43810207072748 41.5530551051521)"
"3-14-04","302","152","150","21","23","16","29","35","33","53","44","27","21","17","41.5525797454029","2.44160668037049","POINT (2.44160668037049 41.5525797454029)"
"3-6-16","50","28","22","3","3","5","4","5","4","15","9","0","2","3","41.5533006357316","2.44754481111275","POINT (2.44754481111275 41.5533006357316)"
"3-13-13","250","128","122","24","30","22","21","47","35","26","29","9","7","18","41.5532994998798","2.44103237877986","POINT (2.44103237877986 41.5532994998798)"
"3-6-04","60","27","33","3","8","1","5","12","11","5","6","6","3","5","41.5533880322344","2.4450709208969","POINT (2.4450709208969 41.5533880322344)"
"3-6-05","191","103","88","15","11","25","18","24","23","30","31","9","5","12","41.5534749401754","2.4455974212518","POINT (2.4455974212518 41.5534749401754)"
"3-13-12","326","164","162","27","36","25","30","60","52","44","41","8","3","16","41.5534869423726","2.4391603179608","POINT (2.4391603179608 41.5534869423726)"
"3-6-09","23","11","12","1","2","0","1","2","4","6","4","2","1","1","41.5535717327464","2.44616332311912","POINT (2.44616332311912 41.5535717327464)"
"3-6-07","263","133","130","25","23","28","27","35","32","35","34","10","14","16","41.5542967401454","2.44533312437413","POINT (2.44533312437413 41.5542967401454)"
"3-6-14","119","60","59","10","14","10","9","16","12","19","21","5","3","11","41.5544557565223","2.44627799214826","POINT (2.44627799214826 41.5544557565223)"
"3-14-01","291","151","140","26","20","17","17","43","39","50","43","15","21","30","41.5535062875099","2.44439312328596","POINT (2.44439312328596 41.5535062875099)"
"2-1-02","175","81","94","11","20","5","7","30","34","23","23","12","10","4","41.5387737357241","2.44989845546507","POINT (2.44989845546507 41.5387737357241)"
"1-7-11","65","41","24","6","2","4","4","12","8","8","8","11","2","9","41.5389088614636","2.43939469427638","POINT (2.43939469427638 41.5389088614636)"
"5-10-08","770","334","436","75","116","55","77","121","159","44","60","39","24","45","41.5388451949605","2.42572488034008","POINT (2.42572488034008 41.5388451949605)"
"1-3-02","286","140","146","24","27","23","15","57","71","25","21","11","12","15","41.5389881222416","2.44590206002355","POINT (2.44590206002355 41.5389881222416)"
"2-1-03","120","60","60","9","9","4","8","25","22","13","12","9","9","6","41.5390717513114","2.45043487019708","POINT (2.45043487019708 41.5390717513114)"
"6-5-06","177","93","84","4","9","13","8","14","15","30","26","32","26","13","41.5392421652198","2.43309074902729","POINT (2.43309074902729 41.5392421652198)"
"6-6-02","350","173","177","18","27","26","26","49","65","52","42","28","17","14","41.5391453850789","2.4350001988279","POINT (2.4350001988279 41.5391453850789)"
"5-7-01","237","110","127","13","24","16","24","28","31","42","36","11","12","7","41.5391128858308","2.42230133335975","POINT (2.42230133335975 41.5391128858308)"
"6-8-05","591","287","304","29","57","40","38","73","84","110","95","35","30","41","41.5391122196276","2.43058231731333","POINT (2.43058231731333 41.5391122196276)"
"5-7-03","214","107","107","15","12","12","15","25","28","41","38","14","14","11","41.5392698804774","2.42160327561876","POINT (2.42160327561876 41.5392698804774)"
"3-14-06","47","23","24","1","3","3","1","5","4","10","10","4","6","2","41.5546678251888","2.44343048369936","POINT (2.44343048369936 41.5546678251888)"
"5-8-05","308","142","166","26","41","25","29","47","56","32","35","12","5","14","41.538540798161","2.42138925386418","POINT (2.42138925386418 41.538540798161)"
"6-8-03","50","27","23","2","3","3","3","7","4","9","8","6","5","2","41.5386772120503","2.42976894917823","POINT (2.42976894917823 41.5386772120503)"
"6-5-05","147","71","76","5","8","10","7","10","18","25","29","21","14","4","41.5388324902256","2.43279257144147","POINT (2.43279257144147 41.5388324902256)"
"2-2-05","30","17","13","4","2","2","1","4","3","4","3","3","4","5","41.5390379061272","2.45424940088783","POINT (2.45424940088783 41.5390379061272)"
"6-7-06","172","92","80","8","10","11","8","21","17","30","25","22","20","7","41.5388386353307","2.43370296248211","POINT (2.43370296248211 41.5388386353307)"
"2-1-07","417","219","198","34","30","30","33","52","54","66","60","37","21","15","41.538709209876","2.45197635252877","POINT (2.45197635252877 41.538709209876)"
"1-4-02","202","114","88","15","10","20","14","39","29","24","25","16","10","16","41.5386400619786","2.44346986052017","POINT (2.44346986052017 41.5386400619786)"
"6-4-07","142","75","67","13","17","7","3","25","25","20","13","10","9","6","41.5387631750172","2.43692369435972","POINT (2.43692369435972 41.5387631750172)"
"3-6-06","63","30","33","6","9","4","2","12","15","4","6","4","1","4","41.5542623038831","2.44487141360471","POINT (2.44487141360471 41.5542623038831)"
"3-13-16","417","212","205","39","37","34","35","84","70","45","49","10","14","27","41.5542227820001","2.44160927167383","POINT (2.44160927167383 41.5542227820001)"
"3-6-18","101","53","48","13","12","8","3","15","16","16","14","1","3","5","41.5544893517263","2.44695132176779","POINT (2.44695132176779 41.5544893517263)"
"3-6-10","44","22","22","1","3","6","3","3","4","12","12","0","0","8","41.554380856882","2.44580389385344","POINT (2.44580389385344 41.554380856882)"
"6-6-04","565","297","268","39","42","38","34","93","93","64","62","63","37","17","41.5397689491702","2.43494939074634","POINT (2.43494939074634 41.5397689491702)"
"5-19-02","473","250","223","42","40","34","30","71","70","66","55","37","28","14","41.5397946190489","2.42546799126127","POINT (2.42546799126127 41.5397946190489)"
"6-13-06","255","131","124","9","23","11","18","32","35","39","29","40","19","5","41.5400021894086","2.43327566721249","POINT (2.43327566721249 41.5400021894086)"
"2-10-11","139","77","62","16","9","13","12","23","18","18","18","7","5","4","41.540132349713","2.45074632697949","POINT (2.45074632697949 41.540132349713)"
"5-7-02","370","186","184","31","33","15","31","60","63","32","32","48","25","14","41.5397949416037","2.42265182176988","POINT (2.42265182176988 41.5397949416037)"
"6-6-05","380","202","178","26","30","23","21","65","64","39","35","49","28","10","41.5401551994609","2.43420815002269","POINT (2.43420815002269 41.5401551994609)"
"2-1-10","75","38","37","1","2","7","5","10","13","15","12","5","5","4","41.5400441510045","2.45216230592792","POINT (2.45216230592792 41.5400441510045)"
"5-19-03","126","72","54","10","1","16","8","10","11","30","24","6","10","7","41.540208324121","2.42426033636585","POINT (2.42426033636585 41.540208324121)"
"6-13-07","232","122","110","13","21","17","8","34","36","23","23","35","22","6","41.5401520278629","2.43287031772889","POINT (2.43287031772889 41.5401520278629)"
"6-6-03","347","180","167","20","32","22","26","44","35","55","48","39","26","15","41.54003598193","2.4361994349116","POINT (2.4361994349116 41.54003598193)"
"1-7-09","144","74","70","9","18","10","5","19","22","19","19","17","6","8","41.5391585797567","2.43804556338618","POINT (2.43804556338618 41.5391585797567)"
"5-17-03","416","206","210","44","42","25","33","67","66","43","48","27","21","23","41.5389516639352","2.42428767586338","POINT (2.42428767586338 41.5389516639352)"
"6-6-01","186","101","85","15","19","12","7","35","28","22","21","17","10","7","41.5394459033109","2.43652415006036","POINT (2.43652415006036 41.5394459033109)"
"1-7-03","240","127","113","26","19","16","21","36","35","31","25","18","13","9","41.5391073634643","2.4404009659694","POINT (2.4404009659694 41.5391073634643)"
"6-8-06","333","175","158","25","36","19","29","54","41","60","47","17","5","19","41.5394762276166","2.43101616430006","POINT (2.43101616430006 41.5394762276166)"
"2-10-03","86","49","37","9","3","3","5","15","15","18","11","4","3","5","41.5397090035648","2.44740526000954","POINT (2.44740526000954 41.5397090035648)"
"6-13-04","79","41","38","1","4","8","6","6","10","18","10","8","8","1","41.5396165809036","2.43224786095203","POINT (2.43224786095203 41.5396165809036)"
"6-13-05","109","58","51","1","5","13","9","8","12","25","21","11","4","6","41.5396034167705","2.43270401215439","POINT (2.43270401215439 41.5396034167705)"
"1-4-01","187","121","66","13","11","8","12","24","17","23","15","53","11","5","41.539210528861","2.44415844737201","POINT (2.44415844737201 41.539210528861)"
"1-4-05","161","81","80","13","22","10","14","23","24","27","13","8","7","13","41.5394794383649","2.44217470605719","POINT (2.44217470605719 41.5394794383649)"
"2-2-02","410","216","194","19","29","25","28","55","49","77","70","40","18","23","41.5397080450278","2.45367260027849","POINT (2.45367260027849 41.5397080450278)"
"5-17-01","522","233","289","60","60","25","34","73","122","42","53","33","20","21","41.539371688063","2.42346907710593","POINT (2.42346907710593 41.539371688063)"
"6-5-07","157","79","78","10","8","9","12","16","18","30","31","14","9","10","41.539683326757","2.43357648338906","POINT (2.43357648338906 41.539683326757)"
"2-1-04","413","210","203","39","43","29","31","52","60","65","50","25","19","5","41.5394561077527","2.45141736718915","POINT (2.45141736718915 41.5394561077527)"
"6-8-07","289","155","134","24","23","18","13","37","38","49","46","27","14","11","41.539719619653","2.43132043021706","POINT (2.43132043021706 41.539719619653)"
"1-7-01","147","75","72","19","25","7","5","29","22","8","15","12","5","7","41.5393205523327","2.44111661486047","POINT (2.44111661486047 41.5393205523327)"
"5-19-01","351","173","178","26","36","28","27","56","66","39","34","24","15","10","41.5394899242774","2.42498633928827","POINT (2.42498633928827 41.5394899242774)"
"1-7-06","140","75","65","9","16","12","6","19","15","20","19","15","9","7","41.5395623395585","2.43878042650991","POINT (2.43878042650991 41.5395623395585)"
"1-3-03","180","98","82","16","17","14","11","36","34","21","16","11","4","8","41.5396480250198","2.4458287428377","POINT (2.4458287428377 41.5396480250198)"
"5-19-04","25","13","12","3","5","1","1","5","3","2","1","2","2","2","41.5399312940067","2.42437058385761","POINT (2.42437058385761 41.5399312940067)"
"2-10-02","50","23","27","4","9","4","3","8","12","6","2","1","1","2","41.5399842173974","2.44701144069601","POINT (2.44701144069601 41.5399842173974)"
"5-10-10","55","22","33","5","5","3","0","6","10","6","16","2","2","1","41.5388978765823","2.42846743470193","POINT (2.42846743470193 41.5388978765823)"
"2-10-08","97","45","52","12","11","3","9","14","11","7","13","9","8","6","41.5397175610543","2.4495695957566","POINT (2.4495695957566 41.5397175610543)"
"5-7-04","188","93","95","20","24","13","10","39","40","16","19","5","2","6","41.5398233943454","2.4218206708217","POINT (2.4218206708217 41.5398233943454)"
"2-10-05","86","45","41","5","7","8","6","19","16","8","8","5","4","5","41.5402391907997","2.44744892813149","POINT (2.44744892813149 41.5402391907997)"
"1-7-02","114","67","47","7","7","11","8","21","16","21","13","7","3","8","41.5402559284425","2.44010501363953","POINT (2.44010501363953 41.5402559284425)"
"2-10-01","35","18","17","5","4","1","2","5","8","4","2","3","1","1","41.5404644146126","2.44674047863302","POINT (2.44674047863302 41.5404644146126)"
"2-1-08","193","97","96","21","27","12","10","34","29","21","22","9","8","10","41.5401521569954","2.45258395428887","POINT (2.45258395428887 41.5401521569954)"
"2-10-06","143","73","70","11","18","8","10","35","21","9","13","10","8","6","41.5402063301825","2.44811521372743","POINT (2.44811521372743 41.5402063301825)"
"5-20-05","94","46","48","7","5","6","13","12","14","10","12","11","4","5","41.5405079994671","2.42575976442086","POINT (2.42575976442086 41.5405079994671)"
"2-11-12","52","29","23","3","4","3","2","9","5","6","6","8","6","2","41.540859424174","2.45182870254949","POINT (2.45182870254949 41.540859424174)"
"2-10-10","247","118","129","23","25","14","14","46","61","20","21","15","8","12","41.540761860825","2.4499775230369","POINT (2.4499775230369 41.540761860825)"
"5-16-06","132","58","74","10","13","11","11","12","22","13","22","12","6","8","41.5408376198113","2.42378470391862","POINT (2.42378470391862 41.5408376198113)"
"5-1-07","114","63","51","7","5","7","6","6","7","17","16","26","17","7","41.5409039974398","2.4322568393071","POINT (2.4322568393071 41.5409039974398)"
"5-15-04","72","37","35","10","8","4","7","9","10","10","7","4","3","3","41.5408834109882","2.42559312410514","POINT (2.42559312410514 41.5408834109882)"
"1-6-01","58","30","28","3","5","4","4","9","8","6","6","8","5","4","41.540989597855","2.44044317726773","POINT (2.44044317726773 41.540989597855)"
"2-2-04","444","262","182","43","23","29","22","74","59","55","50","61","28","17","41.5409336687419","2.45531704362278","POINT (2.45531704362278 41.5409336687419)"
"5-16-08","106","52","54","10","10","6","7","19","22","11","10","6","5","4","41.5411016923102","2.42319703823906","POINT (2.42319703823906 41.5411016923102)"
"5-16-02","58","27","31","5","3","2","7","9","12","7","8","4","1","4","41.5411618498626","2.42504937493781","POINT (2.42504937493781 41.5411618498626)"
"5-1-04","246","123","123","31","26","15","15","42","45","22","26","13","11","6","41.5411117703537","2.42904633710795","POINT (2.42904633710795 41.5411117703537)"
"5-7-05","406","181","225","38","51","32","31","54","84","36","43","21","16","17","41.5403266789616","2.42244121062387","POINT (2.42244121062387 41.5403266789616)"
"2-10-07","43","20","23","6","4","5","7","6","8","2","3","1","1","1","41.5405857493373","2.44842740989914","POINT (2.44842740989914 41.5405857493373)"
"5-1-06","218","115","103","21","14","13","17","35","36","33","26","13","10","14","41.5405305007374","2.42887747480667","POINT (2.42887747480667 41.5405305007374)"
"5-1-13","262","134","128","23","22","19","17","35","38","38","36","19","15","14","41.5407067533132","2.43435900310935","POINT (2.43435900310935 41.5407067533132)"
"5-7-06","326","162","164","25","29","14","20","43","42","47","50","33","23","20","41.5404592800745","2.42170063834427","POINT (2.42170063834427 41.5404592800745)"
"2-2-01","192","76","116","9","15","13","26","18","28","27","38","9","9","14","41.5404012129589","2.45335352967102","POINT (2.45335352967102 41.5404012129589)"
"1-3-06","196","106","90","11","16","12","5","41","36","24","21","18","12","11","41.5404919833476","2.4453210064796","POINT (2.4453210064796 41.5404919833476)"
"5-1-05","243","111","132","19","22","15","24","32","45","28","25","17","16","11","41.5405662390572","2.4282867192744","POINT (2.4282867192744 41.5405662390572)"
"5-20-04","595","284","311","41","53","38","49","79","107","83","73","43","29","40","41.5405657972945","2.42652560866553","POINT (2.42652560866553 41.5405657972945)"
"1-4-06","282","142","140","31","31","15","22","49","52","27","26","20","9","11","41.5403380385969","2.44171095017924","POINT (2.44171095017924 41.5403380385969)"
"5-20-03","270","137","133","25","25","21","19","40","46","29","27","22","16","14","41.5406199035951","2.42746416870377","POINT (2.42746416870377 41.5406199035951)"
"1-4-07","103","52","51","6","13","9","8","15","12","15","12","7","6","11","41.5401744650566","2.44299387075845","POINT (2.44299387075845 41.5401744650566)"
"5-1-08","113","62","51","5","5","12","6","10","11","22","19","13","10","1","41.5407528340096","2.43499889197968","POINT (2.43499889197968 41.5407528340096)"
"2-10-09","246","122","124","20","21","22","31","43","33","28","36","9","3","13","41.5404986055971","2.44917699656487","POINT (2.44917699656487 41.5404986055971)"
"1-4-08","202","111","91","17","17","13","12","31","25","29","30","21","7","10","41.5403648896345","2.44371108819726","POINT (2.44371108819726 41.5403648896345)"
"1-6-05","156","84","72","17","13","15","6","31","38","13","9","8","6","8","41.5408872316545","2.4378525863237","POINT (2.4378525863237 41.5408872316545)"
"5-16-07","102","56","46","4","4","4","3","7","6","23","18","18","15","4","41.5408445758405","2.42304446474714","POINT (2.42304446474714 41.5408445758405)"
"5-16-01","209","114","95","17","12","7","14","24","25","26","22","40","22","9","41.5407364397542","2.42473130675499","POINT (2.42473130675499 41.5407364397542)"
"1-6-03","371","197","174","36","30","19","17","65","70","45","32","32","25","13","41.5409248542929","2.43920130091984","POINT (2.43920130091984 41.5409248542929)"
"1-7-10","273","145","128","30","30","18","14","50","38","25","29","22","17","11","41.5400181329126","2.4372679952823","POINT (2.4372679952823 41.5400181329126)"
"1-7-07","179","93","86","8","12","14","18","19","16","30","24","22","16","11","41.5402199790891","2.43816205175047","POINT (2.43816205175047 41.5402199790891)"
"6-8-08","268","139","129","30","36","14","14","58","47","27","28","10","4","7","41.540138326525","2.43196415157502","POINT (2.43196415157502 41.540138326525)"
"1-7-04","192","100","92","17","19","9","15","29","25","35","24","10","9","14","41.540068554447","2.4393584884817","POINT (2.4393584884817 41.540068554447)"
"5-17-02","392","203","189","38","41","29","20","65","71","48","39","23","18","15","41.5398946778083","2.42382729314787","POINT (2.42382729314787 41.5398946778083)"
"5-6-01","373","196","177","29","26","23","33","53","45","64","59","27","14","20","41.5415233101622","2.42115898398258","POINT (2.42115898398258 41.5415233101622)"
"5-1-01","420","218","202","65","44","20","28","85","83","32","36","16","11","13","41.5418169877492","2.42852398341441","POINT (2.42852398341441 41.5418169877492)"
"5-16-05","336","155","181","25","38","18","26","47","71","43","30","22","16","19","41.5417150156597","2.42340585734115","POINT (2.42340585734115 41.5417150156597)"
"2-9-10","262","129","133","19","34","12","10","67","63","22","19","9","7","8","41.5417360985277","2.44970331151433","POINT (2.44970331151433 41.5417360985277)"
"5-20-02","282","142","140","40","43","18","21","49","43","20","27","15","6","8","41.541931406447","2.42790669161207","POINT (2.42790669161207 41.541931406447)"
"2-11-09","54","15","39","5","22","7","16","1","0","2","1","0","0","","41.5420656961323","2.45261775240987","POINT (2.45261775240987 41.5420656961323)"
"1-5-02","54","30","24","6","2","2","3","7","3","7","10","8","6","4","41.5418840641924","2.44300178547136","POINT (2.44300178547136 41.5418840641924)"
"5-16-04","233","124","109","21","15","13","12","35","37","28","25","27","20","16","41.5416876454887","2.42482675311436","POINT (2.42482675311436 41.5416876454887)"
"1-9-02","231","119","112","19","17","16","15","38","42","30","25","16","13","7","41.5419855673817","2.43896176609654","POINT (2.43896176609654 41.5419855673817)"
"2-10-12","220","109","111","11","11","20","19","51","57","17","20","10","4","8","41.5409701055466","2.45057186718773","POINT (2.45057186718773 41.5409701055466)"
"5-6-02","431","210","221","45","44","17","23","55","68","60","54","33","32","15","41.5411401718134","2.42217754225322","POINT (2.42217754225322 41.5411401718134)"
"1-6-07","387","198","189","25","22","25","24","42","58","72","51","34","34","26","41.5409355405086","2.43683129262011","POINT (2.43683129262011 41.5409355405086)"
"5-15-05","217","102","115","22","25","7","11","27","32","26","31","20","16","8","41.5410926306279","2.42621493677839","POINT (2.42621493677839 41.5410926306279)"
"5-1-03","327","174","153","30","33","32","19","59","60","34","27","19","14","17","41.5411699702612","2.42840097069089","POINT (2.42840097069089 41.5411699702612)"
"5-1-12","359","192","167","44","40","20","16","64","57","45","39","19","15","5","41.5412063508989","2.4345344594471","POINT (2.4345344594471 41.5412063508989)"
"2-11-11","330","163","167","34","43","10","16","59","58","28","35","32","15","19","41.5411962834364","2.45300980151138","POINT (2.45300980151138 41.5411962834364)"
"1-5-04","208","110","98","18","16","18","17","29","28","34","29","11","8","10","41.5411778577351","2.44170104467768","POINT (2.44170104467768 41.5411778577351)"
"1-3-07","168","82","86","8","10","11","16","26","23","20","25","17","12","15","41.5412031489024","2.44530709235038","POINT (2.44530709235038 41.5412031489024)"
"1-5-01","93","59","34","11","6","8","4","13","10","6","7","21","7","1","41.5413442520476","2.44342517418366","POINT (2.44342517418366 41.5413442520476)"
"2-9-01","178","92","86","15","13","12","18","26","23","29","23","10","9","13","41.5411559999047","2.44721901010284","POINT (2.44721901010284 41.5411559999047)"
"1-6-04","221","125","96","20","11","18","17","29","32","30","22","28","14","9","41.5414659082159","2.43912936687102","POINT (2.43912936687102 41.5414659082159)"
"2-3-16","221","106","115","29","35","0","1","55","57","17","13","5","9","7","41.5414698112962","2.45401272160943","POINT (2.45401272160943 41.5414698112962)"
"1-3-08","42","18","24","1","6","1","5","5","3","6","8","5","2","","41.5417070585599","2.44532172349072","POINT (2.44532172349072 41.5417070585599)"
"2-11-03","254","138","116","30","24","15","10","44","37","24","30","25","15","9","41.5414817468393","2.45144280690097","POINT (2.45144280690097 41.5414817468393)"
"4-6-01","241","133","108","19","19","15","14","26","30","45","30","28","15","7","41.5414810329221","2.43588064372235","POINT (2.43588064372235 41.5414810329221)"
"1-6-02","187","97","90","23","20","16","9","27","39","19","13","12","9","11","41.5416200342299","2.44051921337206","POINT (2.44051921337206 41.5416200342299)"
"5-16-03","105","58","47","4","3","11","14","17","11","15","6","11","13","2","41.5415368931146","2.42521104611411","POINT (2.42521104611411 41.5415368931146)"
"1-3-09","36","18","18","1","1","1","4","2","3","7","6","7","4","","41.5416486364625","2.44435610889695","POINT (2.44435610889695 41.5416486364625)"
"1-6-06","246","120","126","11","25","14","14","42","46","33","32","20","9","7","41.5415456184114","2.43774488653248","POINT (2.43774488653248 41.5415456184114)"
"1-5-05","108","54","54","8","9","8","8","12","19","18","13","8","5","6","41.5417294440389","2.44179842408239","POINT (2.44179842408239 41.5417294440389)"
"5-15-03","220","115","105","23","18","17","16","27","36","28","25","20","10","12","41.5416252649432","2.42588303431167","POINT (2.42588303431167 41.5416252649432)"
"2-3-01","291","156","135","24","29","26","12","50","52","48","29","8","13","16","41.5417401133504","2.45513792965847","POINT (2.45513792965847 41.5417401133504)"
"2-9-05","71","40","31","7","6","3","2","14","11","10","11","6","1","2","41.5420855430575","2.44824190788135","POINT (2.44824190788135 41.5420855430575)"
"2-11-02","165","83","82","14","18","6","9","34","32","13","17","16","6","13","41.5421017579426","2.45062516789333","POINT (2.45062516789333 41.5421017579426)"
"5-15-02","341","160","181","24","32","21","34","50","53","45","49","20","13","23","41.5420565557743","2.4263791120383","POINT (2.4263791120383 41.5420565557743)"
"1-9-01","139","76","63","17","13","5","10","22","15","20","15","12","10","7","41.542251789436","2.44035434475642","POINT (2.44035434475642 41.542251789436)"
"1-9-03","153","87","66","16","13","16","8","22","20","21","18","12","7","3","41.5428232649575","2.44018035095568","POINT (2.44018035095568 41.5428232649575)"
"2-9-03","146","70","76","5","12","9","12","20","27","24","18","12","7","9","41.5427793811205","2.44741640223972","POINT (2.44741640223972 41.5427793811205)"
"5-5-03","269","141","128","13","18","25","27","45","40","43","36","15","7","15","41.5427645212096","2.42281045323272","POINT (2.42281045323272 41.5427645212096)"
"1-9-05","410","214","196","22","28","24","29","57","53","67","64","44","22","14","41.5426127019759","2.43897242984299","POINT (2.43897242984299 41.5426127019759)"
"2-11-08","379","189","190","45","27","20","25","67","80","41","42","16","16","13","41.5427223372865","2.45231128997017","POINT (2.45231128997017 41.5427223372865)"
"4-6-04","260","135","125","39","37","8","6","52","58","22","14","14","10","9","41.5429870737974","2.43393849630062","POINT (2.43393849630062 41.5429870737974)"
"5-3-03","156","66","90","10","10","9","20","25","35","15","18","7","7","17","41.5430505831361","2.42636801705664","POINT (2.42636801705664 41.5430505831361)"
"1-5-09","139","73","66","10","10","8","5","23","24","22","20","10","7","6","41.5430537569105","2.44124986013965","POINT (2.44124986013965 41.5430537569105)"
"2-9-08","244","133","111","23","23","13","13","47","41","34","28","16","6","17","41.5429633612686","2.44830827011664","POINT (2.44830827011664 41.5429633612686)"
"5-4-04","73","37","36","2","5","8","7","11","11","11","9","5","4","1","41.5431531637078","2.42433317801981","POINT (2.42433317801981 41.5431531637078)"
"2-9-04","49","23","26","5","2","4","3","6","14","5","6","3","1","2","41.5424538297375","2.44769944598189","POINT (2.44769944598189 41.5424538297375)"
"5-5-02","228","118","110","24","26","18","19","44","39","23","19","9","7","16","41.5423161785566","2.42320673416195","POINT (2.42320673416195 41.5423161785566)"
"2-9-07","223","124","99","21","15","9","8","37","35","37","30","20","11","11","41.5423978320893","2.44924229752437","POINT (2.44924229752437 41.5423978320893)"
"5-2-01","344","164","180","40","38","29","30","41","63","41","34","13","15","9","41.542418698261","2.42820523833546","POINT (2.42820523833546 41.542418698261)"
"2-12-01","57","32","25","5","5","3","2","10","7","4","5","10","6","5","41.5424395773646","2.44645691609121","POINT (2.44645691609121 41.5424395773646)"
"2-11-06","206","104","102","17","20","9","11","43","45","19","13","16","13","4","41.542372039145","2.45134916199264","POINT (2.45134916199264 41.542372039145)"
"1-5-07","108","59","49","11","11","10","7","14","18","14","9","10","4","3","41.5425841838099","2.4414246130749","POINT (2.4414246130749 41.5425841838099)"
"5-4-01","83","42","41","11","7","4","7","8","7","12","15","7","5","4","41.5423350806821","2.42463466628069","POINT (2.42463466628069 41.5423350806821)"
"5-3-01","390","176","214","53","51","22","41","53","77","34","37","14","8","13","41.5426248251973","2.4257115772699","POINT (2.4257115772699 41.5426248251973)"
"4-6-03","101","51","50","7","9","5","4","11","13","18","16","10","8","2","41.5426921475434","2.4343389972828","POINT (2.4343389972828 41.5426921475434)"
"1-3-10","141","73","68","9","15","12","8","22","20","16","17","14","8","8","41.5423095963094","2.4458436087158","POINT (2.4458436087158 41.5423095963094)"
"5-5-01","356","181","175","34","32","27","25","57","62","43","42","20","14","18","41.5423775122578","2.42185699556647","POINT (2.42185699556647 41.5423775122578)"
"5-6-03","783","372","411","75","80","54","59","109","152","97","93","37","27","33","41.5419107379263","2.4217856058358","POINT (2.4217856058358 41.5419107379263)"
"5-15-01","285","150","135","21","21","21","24","35","29","56","45","17","16","9","41.5425940677653","2.42693696122413","POINT (2.42693696122413 41.5425940677653)"
"1-5-03","148","74","74","10","11","9","12","22","26","20","17","13","8","2","41.5426223210006","2.44263178928849","POINT (2.44263178928849 41.5426223210006)"
"5-4-03","86","42","44","6","6","5","10","12","17","14","8","5","3","12","41.5427152722582","2.42401331042691","POINT (2.42401331042691 41.5427152722582)"
"5-1-09","190","83","107","9","17","6","21","24","16","33","42","11","11","8","41.5427561941662","2.4328995774041","POINT (2.4328995774041 41.5427561941662)"
"5-20-01","618","290","328","62","69","43","49","92","119","57","66","36","25","35","41.5415038015685","2.42735893292591","POINT (2.42735893292591 41.5415038015685)"
"1-5-06","103","57","46","13","5","7","8","15","11","10","15","12","7","5","41.5421526258563","2.44159687032883","POINT (2.44159687032883 41.5421526258563)"
"2-9-02","165","96","69","15","15","16","11","27","19","19","17","19","7","14","41.5420087802434","2.44712967956477","POINT (2.44712967956477 41.5420087802434)"
"2-12-02","281","144","137","19","26","23","22","38","35","41","41","23","13","17","41.5433497340932","2.44700750094459","POINT (2.44700750094459 41.5433497340932)"
"5-2-07","35","14","21","4","3","4","5","3","10","3","3","0","0","1","41.5440201872605","2.42724485892402","POINT (2.42724485892402 41.5440201872605)"
"2-8-04","210","110","100","20","16","18","14","27","32","28","30","17","8","15","41.5436992976132","2.44628244410702","POINT (2.44628244410702 41.5436992976132)"
"1-5-11","292","152","140","15","17","34","21","31","38","49","51","23","13","8","41.5437608428844","2.44097680955636","POINT (2.44097680955636 41.5437608428844)"
"4-6-08","306","150","156","42","48","14","9","77","81","12","17","5","1","6","41.5439531230744","2.43388274768161","POINT (2.43388274768161 41.5439531230744)"
"2-3-08","218","97","121","21","20","13","22","34","38","23","33","6","8","9","41.5441764736565","2.45448185384362","POINT (2.45448185384362 41.5441764736565)"
"1-5-10","247","142","105","27","17","14","13","34","29","35","29","32","17","17","41.5439583820763","2.44193597500045","POINT (2.44193597500045 41.5439583820763)"
"5-3-07","192","91","101","20","18","6","15","28","34","20","22","17","12","7","41.5441834070015","2.42506052260586","POINT (2.42506052260586 41.5441834070015)"
"5-4-08","379","184","195","28","24","30","34","41","54","72","68","13","15","17","41.5439293932332","2.42368744959939","POINT (2.42368744959939 41.5439293932332)"
"5-4-02","80","40","40","6","7","4","6","13","8","11","10","6","9","7","41.5430246490959","2.42489492861642","POINT (2.42489492861642 41.5430246490959)"
"5-2-05","275","146","129","27","28","19","16","47","42","33","29","20","14","12","41.5431007108335","2.42724224062005","POINT (2.42724224062005 41.5431007108335)"
"5-3-02","207","109","98","20","21","14","6","31","37","22","24","22","10","7","41.5431035244867","2.42568204775156","POINT (2.42568204775156 41.5431035244867)"
"5-2-02","363","184","179","32","39","22","20","55","59","45","50","30","11","35","41.5429330223271","2.42894981187154","POINT (2.42894981187154 41.5429330223271)"
"2-9-09","149","81","68","13","11","9","12","22","17","23","18","14","10","7","41.5431659306102","2.44902520107419","POINT (2.44902520107419 41.5431659306102)"
"1-5-08","127","66","61","11","9","15","13","16","17","15","17","9","5","13","41.5433068822249","2.44225340620915","POINT (2.44225340620915 41.5433068822249)"
"5-4-06","134","65","69","4","14","12","7","22","23","16","20","11","5","7","41.5432909344887","2.42284935614298","POINT (2.42284935614298 41.5432909344887)"
"5-1-10","169","92","77","23","20","12","7","39","39","14","10","4","1","3","41.5433162414832","2.43236116994607","POINT (2.43236116994607 41.5433162414832)"
"2-8-02","158","86","72","12","14","15","8","24","22","24","17","11","11","5","41.5431213292443","2.44549591416768","POINT (2.44549591416768 41.5431213292443)"
"2-3-12","354","173","181","44","46","21","23","62","64","31","33","15","15","15","41.5434106118473","2.45472949484148","POINT (2.45472949484148 41.5434106118473)"
"5-5-04","180","97","83","17","24","18","5","32","30","19","17","11","7","11","41.5430824772337","2.4220742960409","POINT (2.4220742960409 41.5430824772337)"
"5-2-03","201","100","101","12","16","17","12","29","42","23","18","19","13","13","41.5431684524342","2.42841797864174","POINT (2.42841797864174 41.5431684524342)"
"2-11-01","212","112","100","21","15","14","17","36","35","25","22","16","11","6","41.543413141227","2.44975460375861","POINT (2.44975460375861 41.543413141227)"
"4-6-06","138","66","72","17","24","8","4","33","32","5","11","3","1","7","41.5436479847691","2.43315980244653","POINT (2.43315980244653 41.5436479847691)"
"4-6-09","464","239","225","56","56","25","19","87","78","53","57","18","15","18","41.5434132652069","2.43470331502124","POINT (2.43470331502124 41.5434132652069)"
"1-9-04","275","148","127","13","10","18","19","24","33","51","37","42","28","11","41.5434087924503","2.44006316532521","POINT (2.44006316532521 41.5434087924503)"
"5-4-07","135","64","71","10","8","9","15","12","25","18","17","15","6","8","41.5436495897056","2.42308160516504","POINT (2.42308160516504 41.5436495897056)"
"5-4-05","78","37","41","7","6","1","3","7","13","16","14","6","5","3","41.5435272112639","2.42462002875002","POINT (2.42462002875002 41.5435272112639)"
"2-11-04","54","27","27","2","2","2","5","6","6","8","7","9","7","4","41.5436836143138","2.45062186297361","POINT (2.45062186297361 41.5436836143138)"
"5-3-04","139","73","66","14","10","8","7","25","26","17","16","9","7","5","41.5435796324729","2.42585097709747","POINT (2.42585097709747 41.5435796324729)"
"2-7-01","78","38","40","6","12","3","6","16","11","6","7","7","4","4","41.5437143834526","2.44789379241133","POINT (2.44789379241133 41.5437143834526)"
"5-3-05","84","42","42","10","7","6","2","13","17","9","10","4","6","6","41.5437399248889","2.42515311914043","POINT (2.42515311914043 41.5437399248889)"
"5-2-11","185","96","89","29","21","8","11","37","36","13","15","9","6","8","41.5436629667332","2.42808434567726","POINT (2.42808434567726 41.5436629667332)"
"2-7-04","33","20","13","4","1","3","4","6","5","3","2","4","1","3","41.5439137899061","2.44853913764706","POINT (2.44853913764706 41.5439137899061)"
"1-3-13","129","69","60","7","10","4","8","22","14","14","10","22","18","4","41.543489236579","2.44372876668643","POINT (2.44372876668643 41.543489236579)"
"5-4-09","123","62","61","8","4","16","20","15","16","20","19","3","2","6","41.5443384916369","2.42401673686421","POINT (2.42401673686421 41.5443384916369)"
"2-3-09","65","28","37","6","11","1","4","13","11","5","7","3","4","3","41.5446092990051","2.45437433187119","POINT (2.45437433187119 41.5446092990051)"
"5-3-08","112","62","50","14","11","7","5","22","18","12","12","7","4","6","41.5445283073467","2.42466167239222","POINT (2.42466167239222 41.5445283073467)"
"5-3-09","182","98","84","9","10","15","9","21","21","37","34","16","10","5","41.5445713483279","2.42609766304946","POINT (2.42609766304946 41.5445713483279)"
"2-7-06","97","59","38","14","7","6","4","20","11","10","9","9","7","8","41.5453473478791","2.44825472346239","POINT (2.44825472346239 41.5453473478791)"
"4-9-01","475","246","229","60","64","20","18","103","93","45","37","18","17","23","41.5452060684729","2.43688783313138","POINT (2.43688783313138 41.5452060684729)"
"2-12-03","975","518","457","84","87","59","48","145","151","129","120","101","51","33","41.5452959326888","2.44658280912814","POINT (2.44658280912814 41.5452959326888)"
"2-7-03","168","88","80","11","18","19","12","30","29","18","18","10","3","7","41.5451524092842","2.44758317689284","POINT (2.44758317689284 41.5451524092842)"
"2-4-02","180","79","101","19","26","11","18","28","37","11","16","10","4","8","41.5457734654559","2.45381148797696","POINT (2.45381148797696 41.5457734654559)"
"2-4-01","192","93","99","30","25","13","18","31","36","10","16","9","4","7","41.5457938079962","2.45327176368293","POINT (2.45327176368293 41.5457938079962)"
"4-5-23","181","94","87","23","26","6","5","33","25","20","21","12","10","6","41.5455511781265","2.43093111837401","POINT (2.43093111837401 41.5455511781265)"
"4-5-17","51","25","26","4","4","4","5","4","4","9","10","4","3","2","41.545510724682","2.42907549730282","POINT (2.42907549730282 41.545510724682)"
"2-7-08","152","79","73","14","11","10","7","22","32","18","15","15","8","8","41.5444611111252","2.45023608570904","POINT (2.45023608570904 41.5444611111252)"
"4-8-02","237","111","126","26","29","8","14","46","55","20","23","11","5","5","41.5445294012856","2.43468019116368","POINT (2.43468019116368 41.5445294012856)"
"5-3-10","166","90","76","17","12","15","13","26","24","26","25","6","2","6","41.5447654482924","2.42524008460326","POINT (2.42524008460326 41.5447654482924)"
"2-3-07","34","17","17","4","2","1","2","6","6","3","3","3","4","1","41.5449303412146","2.45436624426619","POINT (2.45436624426619 41.5449303412146)"
"4-6-07","173","80","93","22","34","8","9","31","29","16","19","3","2","6","41.5445036069637","2.43309938462001","POINT (2.43309938462001 41.5445036069637)"
"5-1-11","426","212","214","48","52","23","22","89","82","41","41","11","17","12","41.5442028550413","2.43186479346066","POINT (2.43186479346066 41.5442028550413)"
"4-5-18","30","15","15","1","1","2","2","2","3","9","8","1","1","2","41.5447062446263","2.42928158911713","POINT (2.42928158911713 41.5447062446263)"
"2-3-03","75","28","47","7","5","5","3","9","27","4","10","3","2","5","41.5449423854575","2.45380900574912","POINT (2.45380900574912 41.5449423854575)"
"2-3-06","56","23","33","3","6","4","9","7","7","9","10","0","1","5","41.5450324714505","2.454014582871","POINT (2.454014582871 41.5450324714505)"
"4-5-19","98","49","49","5","9","11","7","11","11","18","16","4","6","","41.5446453466186","2.42984412068795","POINT (2.42984412068795 41.5446453466186)"
"5-4-12","31","16","15","1","2","3","3","5","2","5","5","2","3","3","41.5446513334512","2.42176105424599","POINT (2.42176105424599 41.5446513334512)"
"2-3-04","28","20","8","4","1","3","1","7","3","3","2","3","1","","41.5452813330955","2.45378559099899","POINT (2.45378559099899 41.5452813330955)"
"2-3-05","56","26","30","6","11","3","3","8","8","4","4","5","4","2","41.5452424065088","2.4541775710416","POINT (2.4541775710416 41.5452424065088)"
"2-7-13","240","127","113","25","29","18","15","60","51","19","15","5","3","3","41.5448603765692","2.44881944383704","POINT (2.44881944383704 41.5448603765692)"
"5-21-01","373","185","188","31","31","23","27","52","55","63","61","16","14","19","41.5450654152158","2.42636621847905","POINT (2.42636621847905 41.5450654152158)"
"5-21-02","220","106","114","14","15","21","30","21","19","39","39","11","11","10","41.54528448523","2.42526196590097","POINT (2.42526196590097 41.54528448523)"
"2-7-11","237","130","107","38","22","8","10","49","39","25","24","10","12","9","41.545231476831","2.45251964355651","POINT (2.45251964355651 41.545231476831)"
"2-8-03","620","319","301","44","51","29","31","80","88","98","85","68","46","28","41.5446801898692","2.44586168173452","POINT (2.44586168173452 41.5446801898692)"
"5-3-06","315","153","162","19","35","29","21","47","48","40","41","18","17","20","41.5438280624259","2.4262606915512","POINT (2.4262606915512 41.5438280624259)"
"5-2-09","163","91","72","15","15","19","7","26","27","27","20","4","3","12","41.5441776470935","2.42678805974899","POINT (2.42678805974899 41.5441776470935)"
"2-7-07","116","64","52","8","13","6","2","24","21","17","12","9","4","","41.5441570099678","2.44929180489271","POINT (2.44929180489271 41.5441570099678)"
"2-7-02","108","43","65","5","12","4","8","19","24","10","15","5","6","3","41.5442467884311","2.44760704529554","POINT (2.44760704529554 41.5442467884311)"
"4-4-16","65","32","33","5","12","4","2","14","12","6","7","3","0","3","41.5467029834426","2.43124481201491","POINT (2.43124481201491 41.5467029834426)"
"5-21-04","29","15","14","0","0","2","2","0","2","11","10","2","0","2","41.5458880719602","2.4266237653581","POINT (2.4266237653581 41.5458880719602)"
"4-3-09","38","16","22","1","3","1","3","6","8","1","4","7","4","5","41.5468498543627","2.4334673795151","POINT (2.4334673795151 41.5468498543627)"
"4-5-03","102","52","50","8","10","9","7","18","17","9","12","8","4","3","41.5464769002077","2.42863895388195","POINT (2.42863895388195 41.5464769002077)"
"4-3-02","183","91","92","10","12","13","9","19","30","32","29","17","12","8","41.5467133598671","2.43426432790439","POINT (2.43426432790439 41.5467133598671)"
"3-1-09","68","35","33","5","8","6","2","7","7","7","8","10","8","4","41.5468550746415","2.45009318668223","POINT (2.45009318668223 41.5468550746415)"
"4-5-02","148","73","75","18","8","4","13","26","23","18","24","7","7","14","41.5467994502378","2.42928694346399","POINT (2.42928694346399 41.5467994502378)"
"4-3-08","34","14","20","2","2","3","2","2","8","5","6","2","2","1","41.546993393331","2.4339648949609","POINT (2.4339648949609 41.546993393331)"
"3-10-02","51","25","26","5","3","2","3","6","8","6","6","6","6","3","41.5469771353939","2.44459806551201","POINT (2.44459806551201 41.5469771353939)"
"5-21-03","156","82","74","13","10","12","7","19","27","28","16","10","14","10","41.5456577427928","2.42452344719865","POINT (2.42452344719865 41.5456577427928)"
"3-1-03","31","16","15","1","3","3","3","2","2","5","5","5","2","3","41.5460413516295","2.44834105823377","POINT (2.44834105823377 41.5460413516295)"
"2-4-03","695","315","380","94","84","44","71","99","138","52","73","26","14","23","41.5461728642547","2.45345997469611","POINT (2.45345997469611 41.5461728642547)"
"5-4-11","27","17","10","4","1","3","2","2","3","3","3","5","1","1","41.545094866608","2.42321706180154","POINT (2.42321706180154 41.545094866608)"
"4-5-01","80","45","35","10","3","3","3","11","16","13","10","8","3","10","41.546043956691","2.42826231262359","POINT (2.42826231262359 41.546043956691)"
"4-5-16","383","200","183","37","32","26","25","62","60","52","48","23","18","17","41.545951798613","2.4295690337733","POINT (2.4295690337733 41.545951798613)"
"3-1-05","32","17","15","3","5","0","0","7","5","5","4","2","1","3","41.5462441253412","2.44949188023687","POINT (2.44949188023687 41.5462441253412)"
"4-4-14","251","124","127","35","34","6","21","54","50","24","18","5","4","17","41.5461511169162","2.4313948210987","POINT (2.4313948210987 41.5461511169162)"
"4-4-13","40","17","23","1","4","4","3","6","8","6","7","0","1","","41.5462167348146","2.43248538823408","POINT (2.43248538823408 41.5462167348146)"
"3-11-02","265","124","141","23","34","13","15","44","57","32","28","12","7","7","41.5463429279105","2.44696887410212","POINT (2.44696887410212 41.5463429279105)"
"4-4-15","61","33","28","2","4","5","3","6","6","12","11","8","4","4","41.54642100347","2.43071076141516","POINT (2.43071076141516 41.54642100347)"
"2-4-04","439","194","245","46","62","36","41","55","86","42","47","15","9","17","41.5465714530304","2.45332624251811","POINT (2.45332624251811 41.5465714530304)"
"4-5-05","261","136","125","22","23","15","17","47","43","34","31","18","11","14","41.5462113807809","2.42767293770965","POINT (2.42767293770965 41.5462113807809)"
"3-10-01","550","292","258","31","44","34","31","67","65","89","64","71","54","23","41.5459792223802","2.44364097608104","POINT (2.44364097608104 41.5459792223802)"
"4-1-06","210","110","100","13","22","14","9","44","42","18","16","21","11","4","41.547011362911","2.44055530639173","POINT (2.44055530639173 41.547011362911)"
"2-5-02","382","204","178","38","21","21","20","47","62","47","43","51","32","19","41.547177062917","2.4529939267656","POINT (2.4529939267656 41.547177062917)"
"3-1-07","36","18","18","4","6","2","1","4","5","3","2","5","4","1","41.5471370769098","2.44825587540309","POINT (2.44825587540309 41.5471370769098)"
"3-11-03","333","171","162","23","26","24","27","47","39","47","45","30","25","12","41.5470996180284","2.44699684696957","POINT (2.44699684696957 41.5470996180284)"
"4-5-14","50","27","23","7","5","4","2","8","12","6","2","2","2","4","41.5475476119327","2.42756315480059","POINT (2.42756315480059 41.5475476119327)"
"3-1-10","137","68","69","10","11","12","16","13","22","20","15","13","5","4","41.5477740694056","2.44829564634029","POINT (2.44829564634029 41.5477740694056)"
"3-11-06","115","60","55","11","11","8","5","14","23","14","9","13","7","6","41.5478301856036","2.44745134146019","POINT (2.44745134146019 41.5478301856036)"
"3-2-01","641","273","368","79","74","43","68","84","149","35","54","32","23","32","41.5476886585714","2.45057716316195","POINT (2.45057716316195 41.5476886585714)"
"3-11-05","158","82","76","13","11","12","14","25","22","18","15","14","14","7","41.5478500615884","2.4466936134906","POINT (2.4466936134906 41.5478500615884)"
"4-1-09","111","58","53","11","10","8","5","20","22","10","9","9","7","6","41.5477342681601","2.44073590505941","POINT (2.44073590505941 41.5477342681601)"
"3-11-04","101","56","45","5","8","4","4","19","15","11","11","17","7","7","41.5478819669415","2.44575289451146","POINT (2.44575289451146 41.5478819669415)"
"3-1-15","144","77","67","26","11","9","14","25","25","11","13","6","4","11","41.5479589054404","2.44985055211538","POINT (2.44985055211538 41.5479589054404)"
"4-4-12","240","124","116","26","33","13","10","49","41","28","26","8","6","13","41.5472936527628","2.43267228311711","POINT (2.43267228311711 41.5472936527628)"
"4-3-04","145","73","72","9","9","12","10","21","29","16","15","15","9","5","41.547644624053","2.43468124181254","POINT (2.43468124181254 41.547644624053)"
"2-5-03","140","80","60","8","5","11","7","13","12","29","25","19","11","7","41.5478541798566","2.45222371076605","POINT (2.45222371076605 41.5478541798566)"
"4-9-04","54","34","20","8","2","4","2","9","8","7","4","6","4","4","41.5468445674206","2.43653465478829","POINT (2.43653465478829 41.5468445674206)"
"4-5-09","46","19","27","6","9","2","3","9","6","2","8","0","1","3","41.5471797794744","2.42846806843655","POINT (2.42846806843655 41.5471797794744)"
"3-11-01","477","259","218","38","39","38","36","73","48","70","69","40","26","23","41.5465977944714","2.44585634215077","POINT (2.44585634215077 41.5465977944714)"
"4-3-07","150","69","81","14","10","6","11","26","32","17","19","6","9","11","41.5472166543936","2.43374883150006","POINT (2.43374883150006 41.5472166543936)"
"4-4-18","197","89","108","19","29","9","12","35","47","20","18","6","2","13","41.5471238758545","2.43107642971956","POINT (2.43107642971956 41.5471238758545)"
"3-10-04","25","13","12","0","0","0","1","2","0","7","5","4","6","8","41.5472049008599","2.44397620534615","POINT (2.44397620534615 41.5472049008599)"
"5-21-05","84","44","40","3","2","4","4","9","8","20","18","8","8","6","41.5468704272014","2.42566387291752","POINT (2.42566387291752 41.5468704272014)"
"4-1-11","39","24","15","4","4","0","1","3","5","7","1","10","4","1","41.5473456609719","2.43991751551942","POINT (2.43991751551942 41.5473456609719)"
"3-9-01","38","20","18","5","2","1","1","5","7","6","4","3","4","1","41.5473302339102","2.44232113265956","POINT (2.44232113265956 41.5473302339102)"
"2-5-04","214","111","103","14","16","12","8","26","26","39","35","20","18","10","41.5475603256009","2.45294993280837","POINT (2.45294993280837 41.5475603256009)"
"2-5-01","345","173","172","36","35","18","18","65","71","26","23","28","25","20","41.5473951687472","2.45185510657687","POINT (2.45185510657687 41.5473951687472)"
"4-1-07","128","69","59","8","13","5","7","25","21","15","8","16","10","4","41.5473840065612","2.44133608901143","POINT (2.44133608901143 41.5473840065612)"
"4-1-10","62","37","25","3","3","4","4","14","6","6","9","10","3","3","41.547513263947","2.4403005202999","POINT (2.4403005202999 41.547513263947)"
"3-1-12","221","106","115","19","20","19","23","32","45","26","23","10","4","14","41.5476010666345","2.44986446350935","POINT (2.44986446350935 41.5476010666345)"
"4-3-03","124","58","66","11","12","6","7","13","24","12","12","16","11","8","41.5473728399396","2.43492046422419","POINT (2.43492046422419 41.5473728399396)"
"4-4-19","229","120","109","30","18","11","12","46","47","28","28","5","4","10","41.547411805636","2.42992930085149","POINT (2.42992930085149 41.547411805636)"
"4-4-01","121","68","53","9","2","12","12","14","10","16","19","17","10","12","41.547540527153","2.4335283460484","POINT (2.4335283460484 41.547540527153)"
"4-9-05","157","75","82","12","13","9","17","25","22","20","26","9","4","10","41.5475237236613","2.43591595224019","POINT (2.43591595224019 41.5475237236613)"
"3-1-11","129","60","69","7","10","5","11","14","14","16","24","18","10","6","41.5476868411647","2.449138268213","POINT (2.449138268213 41.5476868411647)"
"3-10-05","46","27","19","3","0","6","5","1","5","12","6","5","3","2","41.5467752150973","2.44285041166172","POINT (2.44285041166172 41.5467752150973)"
"4-4-17","162","82","80","20","20","12","10","30","27","15","17","5","6","11","41.546781708632","2.4303235882963","POINT (2.4303235882963 41.546781708632)"
"3-1-08","54","30","24","4","2","1","0","3","10","9","5","13","7","1","41.5470406639371","2.44917508624342","POINT (2.44917508624342 41.5470406639371)"
"4-5-12","146","72","74","12","12","15","13","22","28","15","16","8","5","8","41.5469589725782","2.42734254089486","POINT (2.42734254089486 41.5469589725782)"
"3-1-02","30","16","14","0","1","1","4","3","0","5","4","7","5","1","41.5467610622035","2.44786315468317","POINT (2.44786315468317 41.5467610622035)"
"4-4-03","242","114","128","21","20","11","17","30","37","27","35","25","19","21","41.5482636418479","2.43323168008688","POINT (2.43323168008688 41.5482636418479)"
"4-3-05","83","46","37","10","4","5","3","13","11","7","9","11","10","6","41.5487147212648","2.43428279135764","POINT (2.43428279135764 41.5487147212648)"
"3-9-07","107","54","53","5","9","5","5","12","11","20","11","12","17","10","41.548284277358","2.44347886056125","POINT (2.44347886056125 41.548284277358)"
"3-11-10","52","23","29","3","4","4","4","4","11","7","6","5","4","2","41.5487545046542","2.44755972990937","POINT (2.44755972990937 41.5487545046542)"
"4-5-15","423","212","211","53","48","30","38","73","77","47","43","9","5","30","41.5482691814913","2.42679750250096","POINT (2.42679750250096 41.5482691814913)"
"4-7-03","272","139","133","24","27","17","16","39","34","34","34","25","22","12","41.5485603944314","2.42931290033104","POINT (2.42931290033104 41.5485603944314)"
"4-2-03","100","49","51","6","8","5","6","17","19","7","12","14","6","8","41.5488176700034","2.43563167663274","POINT (2.43563167663274 41.5488176700034)"
"3-1-14","51","25","26","2","3","3","5","7","9","7","5","6","4","5","41.5480289321803","2.44920346893749","POINT (2.44920346893749 41.5480289321803)"
"4-1-08","160","79","81","14","10","10","16","24","32","16","14","15","9","6","41.5479050267102","2.44111185987985","POINT (2.44111185987985 41.5479050267102)"
"3-1-13","43","24","19","2","5","5","2","3","3","8","5","6","4","2","41.5481078229563","2.44839579407065","POINT (2.44839579407065 41.5481078229563)"
"4-4-20","188","88","100","12","13","12","17","28","31","27","29","9","10","9","41.5477482659011","2.43096167541931","POINT (2.43096167541931 41.5477482659011)"
"3-11-08","95","48","47","15","9","3","6","14","17","9","8","7","7","11","41.548174862734","2.44752891947907","POINT (2.44752891947907 41.548174862734)"
"3-11-07","91","40","51","4","10","3","11","13","8","9","14","11","8","3","41.5481956350386","2.44673510403518","POINT (2.44673510403518 41.5481956350386)"
"3-9-04","36","18","18","4","3","1","0","3","7","5","5","5","3","4","41.5480664086895","2.44431983320292","POINT (2.44431983320292 41.5480664086895)"
"4-1-12","22","20","2","2","1","0","1","5","0","2","0","11","0","","41.5479935607104","2.43949596336377","POINT (2.43949596336377 41.5479935607104)"
"4-5-08","134","64","70","13","14","5","7","25","28","15","17","6","4","9","41.5476849437194","2.42828620126187","POINT (2.42828620126187 41.5476849437194)"
"3-9-05","50","24","26","4","5","2","2","6","10","4","4","8","5","2","41.5482626535752","2.44465452550175","POINT (2.44465452550175 41.5482626535752)"
"3-7-01","241","113","128","19","27","13","13","33","44","31","32","17","12","8","41.5483021581954","2.44188455933847","POINT (2.44188455933847 41.5483021581954)"
"3-2-03","555","273","282","72","86","38","35","84","99","46","48","33","14","24","41.5483162709512","2.4505580246365","POINT (2.4505580246365 41.5483162709512)"
"2-5-06","328","168","160","18","24","23","18","44","50","55","46","28","22","16","41.5482817442722","2.45279571473046","POINT (2.45279571473046 41.5482817442722)"
"4-3-06","188","88","100","11","21","14","11","25","33","21","23","17","12","12","41.5481713120243","2.4343804541484","POINT (2.4343804541484 41.5481713120243)"
"3-9-06","21","12","9","3","0","2","3","3","3","1","2","3","1","1","41.5484458959135","2.44490561113891","POINT (2.44490561113891 41.5484458959135)"
"3-2-02","898","404","494","82","93","64","81","119","184","77","100","62","36","42","41.5481857299592","2.45139862902158","POINT (2.45139862902158 41.5481857299592)"
"4-1-13","192","110","82","24","12","13","11","31","26","29","27","13","6","12","41.5482899743088","2.44020619726033","POINT (2.44020619726033 41.5482899743088)"
"3-11-09","55","26","29","1","6","6","5","4","5","9","11","6","2","2","41.548487948519","2.44774356608221","POINT (2.44774356608221 41.548487948519)"
"4-7-02","212","106","106","22","29","14","11","41","32","17","24","12","10","20","41.5482318507583","2.42903285037151","POINT (2.42903285037151 41.5482318507583)"
"3-9-02","262","134","128","19","17","16","18","36","35","38","35","25","23","15","41.5482152363319","2.44261642920249","POINT (2.44261642920249 41.5482152363319)"
"4-7-01","54","30","24","5","3","6","1","4","10","11","9","4","1","8","41.5485152404537","2.42806931563531","POINT (2.42806931563531 41.5485152404537)"
"4-4-02","174","96","78","18","15","6","7","36","28","19","20","17","8","18","41.5482078505865","2.43380921526762","POINT (2.43380921526762 41.5482078505865)"
"4-1-14","190","94","96","15","21","12","13","26","28","23","20","18","14","11","41.548450339659","2.44066745836131","POINT (2.44066745836131 41.548450339659)"
"3-7-02","94","50","44","11","7","7","5","16","16","7","10","9","6","7","41.5486187310242","2.44146967201722","POINT (2.44146967201722 41.5486187310242)"
"3-3-01","454","207","247","30","45","38","51","52","75","54","58","33","18","16","41.5486298864174","2.45211552493283","POINT (2.45211552493283 41.5486298864174)"
"3-1-17","769","328","441","64","78","48","85","107","164","67","84","42","30","22","41.5485022912838","2.44943666252751","POINT (2.44943666252751 41.5485022912838)"
"3-7-03","175","90","85","15","23","12","8","29","25","17","18","17","11","11","41.5487488553495","2.44217510885307","POINT (2.44217510885307 41.5487488553495)"
"4-4-04","57","28","29","5","3","3","6","6","6","7","11","7","3","6","41.5489422218758","2.43384251312118","POINT (2.43384251312118 41.5489422218758)"
"3-3-02","380","175","205","46","47","29","32","46","78","34","38","20","10","16","41.5488875455966","2.45043190110472","POINT (2.45043190110472 41.5488875455966)"
"3-8-02","120","67","53","11","5","10","8","13","17","23","13","10","10","7","41.5490992130234","2.44181620116559","POINT (2.44181620116559 41.5490992130234)"
"4-2-01","43","22","21","1","4","2","1","7","9","5","2","7","5","11","41.5490265675485","2.43652883084733","POINT (2.43652883084733 41.5490265675485)"
"3-9-08","63","33","30","4","1","6","4","7","13","7","5","9","7","6","41.5489611413993","2.44407994645123","POINT (2.44407994645123 41.5489611413993)"
"4-1-15","82","46","36","12","7","1","2","15","14","8","7","10","6","6","41.5490355573311","2.4392212969623","POINT (2.4392212969623 41.5490355573311)"
"3-9-10","54","26","28","4","7","4","2","8","8","5","7","5","4","","41.549704729765","2.44386952214626","POINT (2.44386952214626 41.549704729765)"
"3-4-02","294","149","145","46","24","16","23","43","55","26","33","18","10","12","41.5497819895549","2.45111478592513","POINT (2.45111478592513 41.5497819895549)"
"4-4-07","56","36","20","13","3","3","2","11","7","5","6","4","2","6","41.5497202137544","2.43266405400084","POINT (2.43266405400084 41.5497202137544)"
"3-7-07","61","37","24","11","6","5","3","13","7","6","4","2","4","6","41.5498646610526","2.44312470416903","POINT (2.44312470416903 41.5498646610526)"
"4-2-11","91","46","45","9","13","5","6","19","13","8","6","5","7","7","41.5498415542371","2.43512082934764","POINT (2.43512082934764 41.5498415542371)"
"3-8-04","232","117","115","15","18","12","16","32","32","36","35","22","14","16","41.5497625327738","2.44172906150648","POINT (2.44172906150648 41.5497625327738)"
"4-2-07","150","69","81","11","13","8","17","21","28","18","16","11","7","17","41.5497726652881","2.43364648322865","POINT (2.43364648322865 41.5497726652881)"
"3-8-03","232","107","125","11","16","6","20","31","35","33","32","26","22","16","41.5497473119991","2.44117674790618","POINT (2.44117674790618 41.5497473119991)"
"4-7-08","78","34","44","3","10","6","6","11","14","7","8","7","6","10","41.5489775812396","2.42703172278308","POINT (2.42703172278308 41.5489775812396)"
"4-4-21","194","93","101","21","28","14","17","32","31","19","21","7","4","4","41.5487953973945","2.43119060767249","POINT (2.43119060767249 41.5487953973945)"
"3-9-12","54","26","28","4","6","3","2","8","6","5","7","6","7","3","41.5490824230156","2.44452210724114","POINT (2.44452210724114 41.5490824230156)"
"4-2-02","65","32","33","1","8","0","5","13","10","10","7","8","3","2","41.5491892306675","2.43617036286676","POINT (2.43617036286676 41.5491892306675)"
"4-4-11","269","130","139","38","42","7","11","55","59","19","17","11","10","13","41.5487190763811","2.43246809335388","POINT (2.43246809335388 41.5487190763811)"
"4-4-05","112","57","55","9","10","6","7","19","21","16","15","7","2","6","41.5491291823333","2.43345967980898","POINT (2.43345967980898 41.5491291823333)"
"3-9-09","63","41","22","6","4","8","0","8","8","8","7","11","3","4","41.549101163933","2.44334726375404","POINT (2.44334726375404 41.549101163933)"
"3-3-04","362","181","181","40","38","18","22","56","65","49","43","18","13","14","41.5493410341296","2.45150087206049","POINT (2.45150087206049 41.5493410341296)"
"4-7-07","52","24","28","4","6","1","5","7","12","7","2","5","3","6","41.5490169597463","2.4275739556671","POINT (2.4275739556671 41.5490169597463)"
"4-7-06","205","104","101","15","23","16","13","34","29","23","26","16","10","16","41.5492769197056","2.42861911498558","POINT (2.42861911498558 41.5492769197056)"
"3-7-05","93","53","40","10","6","9","6","14","9","15","14","5","5","11","41.5494645822997","2.44301295827546","POINT (2.44301295827546 41.5494645822997)"
"4-2-06","128","62","66","8","7","5","12","17","16","14","16","18","15","6","41.5490503672913","2.43462538487965","POINT (2.43462538487965 41.5490503672913)"
"4-2-04","184","89","95","10","21","4","10","30","26","26","25","19","13","10","41.5493357945439","2.43549533645526","POINT (2.43549533645526 41.5493357945439)"
"4-4-06","138","71","67","18","9","4","11","26","22","16","18","7","7","11","41.5493645603327","2.43306693944407","POINT (2.43306693944407 41.5493645603327)"
"3-4-01","477","203","274","49","53","24","39","62","107","43","55","25","20","21","41.5494543683015","2.45016579414449","POINT (2.45016579414449 41.5494543683015)"
"4-2-05","115","59","56","11","7","6","14","19","12","13","14","10","9","3","41.5495361843585","2.43474261976252","POINT (2.43474261976252 41.5495361843585)"
"3-5-03","209","102","107","22","24","14","11","26","45","28","17","12","10","8","41.5494854718966","2.44865340370242","POINT (2.44865340370242 41.5494854718966)"
"3-5-02","514","246","268","45","61","32","41","80","90","68","54","21","22","17","41.5493640653419","2.44928101913746","POINT (2.44928101913746 41.5493640653419)"
"4-7-09","114","53","61","7","10","7","9","16","20","12","12","11","10","9","41.5495321108015","2.42726716339959","POINT (2.42726716339959 41.5495321108015)"
"4-7-04","110","57","53","13","5","6","5","14","20","9","13","15","10","6","41.5489193448307","2.42808905087499","POINT (2.42808905087499 41.5489193448307)"
"3-3-03","445","211","234","21","34","35","35","55","70","56","62","44","33","17","41.548971897525","2.45177237018139","POINT (2.45177237018139 41.548971897525)"
"3-8-01","172","89","83","16","16","15","16","27","29","21","15","10","7","4","41.5489944503914","2.44127111024683","POINT (2.44127111024683 41.5489944503914)"
"4-7-05","206","106","100","20","19","17","18","27","27","28","27","14","9","14","41.5488008324853","2.42969643213724","POINT (2.42969643213724 41.5488008324853)"
"3-7-04","171","86","85","20","10","11","21","24","30","19","18","12","6","14","41.5490624241515","2.4427345201505","POINT (2.4427345201505 41.5490624241515)"
"3-13-01","157","73","84","7","12","9","13","18","17","26","27","13","15","8","41.5508734531905","2.43869533082598","POINT (2.43869533082598 41.5508734531905)"
"3-4-07","281","146","135","32","27","17","16","39","41","38","37","20","14","28","41.5512541247291","2.44932545861766","POINT (2.44932545861766 41.5512541247291)"
"3-13-02","247","126","121","28","20","19","19","36","37","31","36","12","9","11","41.5512933087889","2.43782603528976","POINT (2.43782603528976 41.5512933087889)"
"3-5-07","197","105","92","21","22","13","10","35","34","18","18","18","8","8","41.5516569972593","2.44877636940082","POINT (2.44877636940082 41.5516569972593)"
"3-14-02","104","52","52","5","9","11","11","9","6","23","24","4","2","4","41.5516839075939","2.44430854163457","POINT (2.44430854163457 41.5516839075939)"
"3-9-18","409","191","218","21","23","28","48","37","48","79","77","26","22","30","41.5513423835223","2.44764098880506","POINT (2.44764098880506 41.5513423835223)"
"3-9-14","99","52","47","6","11","9","7","18","15","10","8","9","6","8","41.5501984261296","2.44439379133517","POINT (2.44439379133517 41.5501984261296)"
"4-4-10","150","82","68","22","19","7","5","32","27","14","10","7","7","10","41.5499171281997","2.43206085021809","POINT (2.43206085021809 41.5499171281997)"
"3-4-03","473","220","253","50","49","38","40","54","88","57","58","21","18","16","41.5501600431712","2.45053963104225","POINT (2.45053963104225 41.5501600431712)"
"3-7-08","61","31","30","4","4","3","5","10","7","7","6","7","8","","41.5502695365276","2.44367693001233","POINT (2.44367693001233 41.5502695365276)"
"3-4-05","265","125","140","31","26","12","29","33","49","28","21","21","15","6","41.5502853815497","2.44953333951924","POINT (2.44953333951924 41.5502853815497)"
"3-7-10","79","38","41","4","6","3","8","12","17","8","8","11","2","6","41.5503303457596","2.44309316687561","POINT (2.44309316687561 41.5503303457596)"
"4-2-08","345","172","173","46","36","20","23","55","55","28","43","23","16","20","41.5501581563785","2.43409904919909","POINT (2.43409904919909 41.5501581563785)"
"3-7-11","223","116","107","23","23","14","13","39","32","23","29","17","10","20","41.5503754929166","2.44235279926521","POINT (2.44235279926521 41.5503754929166)"
"4-2-10","163","79","84","20","22","7","3","33","33","10","18","9","8","8","41.5501897882846","2.43285353176129","POINT (2.43285353176129 41.5501897882846)"
"3-9-17","613","303","310","46","54","36","51","74","74","110","96","37","35","36","41.5500264406743","2.44774165993957","POINT (2.44774165993957 41.5500264406743)"
"3-5-04","352","175","177","31","33","31","33","53","50","31","41","29","20","21","41.5502497464575","2.44840681891448","POINT (2.44840681891448 41.5502497464575)"
"3-8-06","171","88","83","18","14","13","11","29","34","20","15","8","9","17","41.5504464508514","2.44164019659154","POINT (2.44164019659154 41.5504464508514)"
"3-4-04","201","93","108","12","23","12","12","24","28","37","31","8","14","14","41.5505537825576","2.45017754625149","POINT (2.45017754625149 41.5505537825576)"
"3-5-05","431","214","217","58","45","23","37","71","73","41","45","21","17","25","41.5503973996003","2.44889020318454","POINT (2.44889020318454 41.5503973996003)"
"3-8-05","222","113","109","21","34","11","5","39","36","18","22","24","12","13","41.550527030801","2.44109193356836","POINT (2.44109193356836 41.550527030801)"
"3-4-06","447","210","237","47","55","21","33","72","85","46","48","24","16","21","41.5508435474969","2.44959508668607","POINT (2.44959508668607 41.5508435474969)"
"3-9-15","207","112","95","21","10","22","24","34","29","27","23","8","9","6","41.5508207329951","2.44468187410975","POINT (2.44468187410975 41.5508207329951)"
"3-7-09","184","92","92","20","19","16","17","28","29","19","19","9","8","7","41.5508332319143","2.44391718820237","POINT (2.44391718820237 41.5508332319143)"
"3-5-06","219","98","121","15","24","14","24","34","47","25","17","10","9","4","41.5510613460834","2.44846419980502","POINT (2.44846419980502 41.5510613460834)"
"3-14-03","368","183","185","25","32","24","32","51","37","64","61","19","23","20","41.5518369099219","2.44290082651732","POINT (2.44290082651732 41.5518369099219)"
"3-13-04","257","134","123","27","25","21","20","47","41","29","32","10","5","12","41.5519995821716","2.43638302748311","POINT (2.43638302748311 41.5519995821716)"
"3-13-05","133","62","71","23","25","2","4","33","34","4","6","0","2","3","41.5523501680989","2.43552809645699","POINT (2.43552809645699 41.5523501680989)"
"3-6-11","63","30","33","3","11","7","0","9","6","8","13","3","3","6","41.5525752915327","2.44740599496386","POINT (2.44740599496386 41.5525752915327)"
"3-13-08","56","29","27","2","5","2","3","9","7","14","11","2","1","5","41.5523818693756","2.43871202005495","POINT (2.43871202005495 41.5523818693756)"
"2-10-04","247","126","121","25","29","12","11","46","47","28","24","15","10","6","41.5392190047618","2.44812440385872","POINT (2.44812440385872 41.5392190047618)"
"2-8-01","571","306","265","51","47","28","27","95","85","69","71","63","35","25","41.5446450006505","2.44431770331754","POINT (2.44431770331754 41.5446450006505)"
"3-12-01","1475","713","762","112","116","66","104","182","210","213","203","140","129","139","41.5684147744913","2.4445236833771","POINT (2.4445236833771 41.5684147744913)"
"2-5-07","873","427","446","66","86","57","61","116","135","103","106","85","58","107","41.5552018979418","2.46887436860423","POINT (2.46887436860423 41.5552018979418)"
"3-6-02","92","41","51","5","15","4","5","15","11","10","13","7","7","6","41.5525058481851","2.44546739155154","POINT (2.44546739155154 41.5525058481851)"
"3-13-10","329","163","166","30","34","26","30","60","52","41","37","6","13","9","41.5525341019829","2.44023857220765","POINT (2.44023857220765 41.5525341019829)"
"3-6-15","48","22","26","1","4","4","6","3","1","9","11","5","4","3","41.5529009587663","2.44792835612045","POINT (2.44792835612045 41.5529009587663)"
"3-6-03","175","96","79","10","14","16","17","25","21","34","22","11","5","15","41.5526492678562","2.44597144710803","POINT (2.44597144710803 41.5526492678562)"
"3-6-08","39","19","20","4","4","2","4","3","5","8","7","2","0","2","41.5528208572346","2.44649479549654","POINT (2.44649479549654 41.5528208572346)"
"3-6-12","72","38","34","6","1","9","5","7","10","13","12","3","6","3","41.5530118688029","2.44695288592578","POINT (2.44695288592578 41.5530118688029)"
"3-13-11","116","60","56","10","7","10","11","14","13","20","16","6","9","2","41.5529640981979","2.43962734990378","POINT (2.43962734990378 41.5529640981979)"
"6-1-01","33","16","17","0","0","1","0","3","3","9","9","3","5","4","41.5316280055032","2.44334999152899","POINT (2.44334999152899 41.5316280055032)"
"5-2-04","277","127","150","33","35","11","22","36","40","32","40","15","13","12","41.5437524272839","2.42752367626899","POINT (2.42752367626899 41.5437524272839)"
"4-6-02","35","18","17","3","2","2","4","2","2","3","5","8","4","1","41.5436558961044","2.43776169683393","POINT (2.43776169683393 41.5436558961044)"
"4-5-22","217","104","113","23","26","10","11","43","50","18","19","10","7","4","41.5450182434775","2.43101168618321","POINT (2.43101168618321 41.5450182434775)"
"4-5-29","51","28","23","9","4","2","3","10","11","4","4","3","1","1","41.5454377927457","2.43019097503732","POINT (2.43019097503732 41.5454377927457)"
"4-5-20","45","21","24","2","6","1","2","6","4","11","8","1","4","4","41.5450105773666","2.43028171533312","POINT (2.43028171533312 41.5450105773666)"
"3-9-11","63","29","34","4","6","4","5","8","6","9","12","4","5","6","41.5494427721745","2.44419989586002","POINT (2.44419989586002 41.5494427721745)"
"2-7-10","186","92","94","28","30","3","8","38","36","19","15","4","5","4","41.5453673203776","2.45108183231277","POINT (2.45108183231277 41.5453673203776)"
"3-13-07","216","105","111","23","20","8","16","38","35","28","31","8","9","17","41.5518233089466","2.43949961702286","POINT (2.43949961702286 41.5518233089466)"
"6-9-05","60","32","28","3","3","5","6","8","7","8","9","8","3","3","41.5318668232837","2.43842875441211","POINT (2.43842875441211 41.5318668232837)"
"1-2-07","150","74","76","9","17","10","10","20","26","20","16","15","7","7","41.5367344546162","2.44815147138832","POINT (2.44815147138832 41.5367344546162)"
"1-1-06","142","77","65","4","10","7","7","24","20","20","20","22","8","7","41.5364875335133","2.44262124653628","POINT (2.44262124653628 41.5364875335133)"
"1-2-06","202","102","100","23","29","11","8","38","37","22","22","8","4","8","41.5366953671886","2.44677789714499","POINT (2.44677789714499 41.5366953671886)"
"1-1-01","337","184","153","26","21","22","16","64","60","40","39","32","17","12","41.5361405381661","2.44478399930127","POINT (2.44478399930127 41.5361405381661)"
"6-10-01","197","103","94","19","19","9","7","36","33","25","23","14","12","5","41.5320354032016","2.43720218346706","POINT (2.43720218346706 41.5320354032016)"
"6-10-04","284","131","153","18","39","19","14","45","57","27","30","22","13","11","41.5323255608058","2.43640269300079","POINT (2.43640269300079 41.5323255608058)"
"6-10-03","147","73","74","8","15","9","8","19","23","25","20","12","8","4","41.5326522972139","2.43678822472182","POINT (2.43678822472182 41.5326522972139)"
"6-10-08","207","106","101","18","19","13","16","37","38","24","20","14","8","8","41.5326320069464","2.43791780299375","POINT (2.43791780299375 41.5326320069464)"
"6-14-06","278","148","130","21","10","23","23","29","26","49","44","26","27","8","41.5368181893744","2.43436762994748","POINT (2.43436762994748 41.5368181893744)"
"5-9-06","210","104","106","18","17","12","12","31","36","20","28","23","13","13","41.5367720223011","2.42325499632581","POINT (2.42325499632581 41.5367720223011)"
"6-1-03","307","160","147","38","37","12","11","62","52","29","28","19","19","4","41.5328048016203","2.44291890005657","POINT (2.44291890005657 41.5328048016203)"
"6-10-05","402","212","190","41","33","22","28","58","64","54","46","37","19","11","41.5329688690252","2.43605131243902","POINT (2.43605131243902 41.5329688690252)"
"6-10-02","157","83","74","18","15","6","11","28","24","22","21","9","3","4","41.5330905589955","2.4373585015053","POINT (2.4373585015053 41.5330905589955)"
"6-13-08","120","92","28","0","0","0","0","0","0","2","0","90","28","","41.5367677730469","2.42926775243399","POINT (2.42926775243399 41.5367677730469)"
"6-7-04","404","202","202","43","43","17","30","67","84","53","37","22","8","21","41.5369414800425","2.4317778932665","POINT (2.4317778932665 41.5369414800425)"
"6-4-04","174","94","80","16","14","6","6","33","25","20","21","19","14","7","41.536688933832","2.43867467585857","POINT (2.43867467585857 41.536688933832)"
"6-4-01","111","49","62","4","12","12","14","13","17","14","16","6","3","4","41.5369473037234","2.4402656628929","POINT (2.4402656628929 41.5369473037234)"
"6-1-04","925","484","441","75","80","55","61","141","132","129","113","84","55","38","41.5331780901114","2.44360455223568","POINT (2.44360455223568 41.5331780901114)"
"6-3-12","90","45","45","7","10","5","7","14","11","13","9","6","8","3","41.533332643147","2.43877847769783","POINT (2.43877847769783 41.533332643147)"
"6-10-06","102","43","59","9","11","6","14","15","20","9","11","4","3","","41.5335219130093","2.43680774915061","POINT (2.43680774915061 41.5335219130093)"
"5-13-02","353","185","168","28","30","12","19","55","56","61","45","29","18","17","41.5369919119982","2.4280756568204","POINT (2.4280756568204 41.5369919119982)"
"6-14-04","392","205","187","24","31","22","29","59","64","58","44","42","19","25","41.5370333797659","2.43590406407953","POINT (2.43590406407953 41.5370333797659)"
"1-1-08","154","73","81","8","15","3","8","27","34","18","13","17","11","8","41.5369457299729","2.44155595830507","POINT (2.44155595830507 41.5369457299729)"
"1-2-08","165","88","77","16","9","15","14","24","19","24","29","9","6","7","41.5369795720398","2.44861282346523","POINT (2.44861282346523 41.5369795720398)"
"6-2-03","66","39","27","6","2","1","4","13","13","8","4","11","4","2","41.5335763209605","2.44210763987699","POINT (2.44210763987699 41.5335763209605)"
"6-1-05","552","292","260","29","47","35","29","87","89","86","60","55","35","14","41.5336862073996","2.44438010653596","POINT (2.44438010653596 41.5336862073996)"
"6-3-11","190","90","100","9","18","11","16","35","30","26","29","9","7","8","41.5337673316484","2.43822495549023","POINT (2.43822495549023 41.5337673316484)"
"5-10-03","152","70","82","8","19","9","13","20","25","21","16","12","9","8","41.5370650209069","2.42388721607486","POINT (2.42388721607486 41.5370650209069)"
"6-7-02","147","72","75","8","14","5","6","15","21","21","20","23","14","7","41.5371405399046","2.43270428606071","POINT (2.43270428606071 41.5371405399046)"
"5-9-01","270","127","143","20","29","10","18","44","54","23","24","30","18","16","41.5369810136361","2.42160491032591","POINT (2.42160491032591 41.5369810136361)"
"5-9-02","224","107","117","17","19","9","27","40","38","24","25","17","8","28","41.5371233470688","2.42213023581487","POINT (2.42213023581487 41.5371233470688)"
"1-2-02","158","93","65","18","15","6","7","34","23","18","11","17","9","5","41.5371622190886","2.4455754513876","POINT (2.4455754513876 41.5371622190886)"
"6-3-09","166","94","72","11","8","11","12","21","16","31","25","20","11","4","41.5340551623048","2.43966194730843","POINT (2.43966194730843 41.5340551623048)"
"1-1-05","120","64","56","13","11","6","3","21","24","13","12","11","6","4","41.534186112431","2.44484303813148","POINT (2.44484303813148 41.534186112431)"
"6-3-10","285","150","135","22","14","20","18","58","60","37","35","13","8","9","41.5341977371124","2.43770691000027","POINT (2.43770691000027 41.5341977371124)"
"6-2-05","99","57","42","11","11","6","3","24","19","7","3","9","6","6","41.5342637946778","2.44136813873316","POINT (2.44136813873316 41.5342637946778)"
"6-5-01","731","385","346","54","52","44","47","118","123","95","80","74","44","17","41.5372465464968","2.43099522696015","POINT (2.43099522696015 41.5372465464968)"
"5-10-01","231","102","129","23","32","16","14","34","41","16","29","13","13","3","41.537306595422","2.42440797095093","POINT (2.42440797095093 41.537306595422)"
"5-9-03","283","135","148","25","33","17","22","45","49","30","37","18","7","17","41.5373381030197","2.4227711196115","POINT (2.4227711196115 41.5373381030197)"
"5-13-03","725","354","371","52","69","49","46","95","124","78","83","80","49","35","41.5375440273465","2.42786727801486","POINT (2.42786727801486 41.5375440273465)"
"1-1-04","204","119","85","19","11","15","14","35","25","30","19","20","16","9","41.5343055280908","2.44537701047143","POINT (2.44537701047143 41.5343055280908)"
"6-3-08","152","87","65","19","12","8","4","26","26","25","20","9","3","7","41.5346060411752","2.439298943174","POINT (2.439298943174 41.5346060411752)"
"6-10-07","1002","518","484","73","68","54","65","133","153","135","124","123","74","57","41.5335656602258","2.43455639421391","POINT (2.43455639421391 41.5335656602258)"
"6-11-02","451","236","215","34","35","26","31","80","77","65","48","31","24","15","41.5346318070942","2.43714835017631","POINT (2.43714835017631 41.5346318070942)"
"6-7-01","518","272","246","33","38","29","25","68","75","72","68","70","40","21","41.5374413473564","2.43390425418914","POINT (2.43390425418914 41.5374413473564)"
"1-1-07","182","91","91","11","17","18","15","29","24","22","27","11","8","5","41.5373610988424","2.44217465442084","POINT (2.44217465442084 41.5373610988424)"
"6-8-01","112","56","56","10","10","5","9","17","19","18","15","6","3","4","41.5375665616452","2.42934238385132","POINT (2.42934238385132 41.5375665616452)"
"6-13-02","60","27","33","4","7","1","3","9","8","4","4","9","11","4","41.5375557832263","2.43036016591911","POINT (2.43036016591911 41.5375557832263)"
"6-3-06","191","103","88","13","13","13","15","40","28","23","22","14","10","5","41.5348168156497","2.44077501241397","POINT (2.44077501241397 41.5348168156497)"
"6-12-04","411","214","197","21","24","26","28","43","43","88","74","36","28","29","41.5345395024551","2.43240242053569","POINT (2.43240242053569 41.5345395024551)"
"6-2-04","703","380","323","66","48","37","37","100","109","105","79","72","50","25","41.5344351094156","2.44244270214093","POINT (2.44244270214093 41.5344351094156)"
"6-3-07","192","102","90","16","19","15","11","31","29","22","22","18","9","10","41.5349010699557","2.43862183586718","POINT (2.43862183586718 41.5349010699557)"
"5-10-07","256","117","139","32","32","9","27","36","48","21","24","19","8","8","41.5375252102101","2.42529601407631","POINT (2.42529601407631 41.5375252102101)"
"5-10-04","82","44","38","7","2","7","2","12","13","7","13","11","8","3","41.5376127258212","2.42337538187366","POINT (2.42337538187366 41.5376127258212)"
"2-1-05","405","219","186","49","39","20","28","83","71","45","40","22","8","10","41.5374270048203","2.44944168261684","POINT (2.44944168261684 41.5374270048203)"
"1-2-03","224","117","107","19","13","17","8","36","39","26","30","19","17","8","41.5375370440682","2.44694809292648","POINT (2.44694809292648 41.5375370440682)"
"1-1-03","83","44","39","7","5","5","4","11","12","16","14","5","4","1","41.5348430222823","2.44602291740277","POINT (2.44602291740277 41.5348430222823)"
"6-1-06","623","332","291","50","42","31","33","102","103","88","69","61","44","18","41.534836437834","2.44315603838806","POINT (2.44315603838806 41.534836437834)"
"5-12-01","223","109","114","14","18","12","16","31","32","41","44","11","4","4","41.53521337938","2.4236562617446","POINT (2.4236562617446 41.53521337938)"
"6-11-04","487","242","245","38","56","28","31","87","73","67","74","22","11","16","41.5351762963361","2.43646920191091","POINT (2.43646920191091 41.5351762963361)"
"6-4-03","163","86","77","9","14","16","8","22","19","22","20","17","16","8","41.5375922283882","2.43955722754627","POINT (2.43955722754627 41.5375922283882)"
"6-4-08","359","191","168","26","25","23","21","48","52","60","45","34","25","11","41.5377163291746","2.43538545380174","POINT (2.43538545380174 41.5377163291746)"
"1-4-04","193","104","89","14","11","11","17","32","21","33","27","14","13","10","41.5374433416498","2.44317285270387","POINT (2.44317285270387 41.5374433416498)"
"6-7-03","258","129","129","6","16","16","23","30","30","57","46","20","14","9","41.5376008217151","2.43241073566849","POINT (2.43241073566849 41.5376008217151)"
"5-13-06","81","41","40","9","9","3","1","13","16","8","5","8","9","6","41.535505249758","2.42657584182427","POINT (2.42657584182427 41.535505249758)"
"6-11-01","265","147","118","25","21","16","15","50","45","28","26","28","11","11","41.5353248625673","2.43807968684512","POINT (2.43807968684512 41.5353248625673)"
"5-11-05","710","323","387","72","64","47","62","107","153","60","79","37","29","29","41.5375897866703","2.42696909630499","POINT (2.42696909630499 41.5375897866703)"
"5-8-06","172","87","85","17","19","11","14","29","23","23","22","7","7","15","41.5378062344323","2.42136272725246","POINT (2.42136272725246 41.5378062344323)"
"6-5-02","285","141","144","17","18","19","31","35","47","44","32","26","16","22","41.5378222856801","2.43150912911489","POINT (2.43150912911489 41.5378222856801)"
"5-8-07","232","97","135","25","24","12","25","31","46","14","28","15","12","8","41.5378787230965","2.42189355659413","POINT (2.42189355659413 41.5378787230965)"
"5-10-02","120","56","64","10","11","8","11","17","24","10","11","11","7","5","41.5378750868458","2.42387775153107","POINT (2.42387775153107 41.5378750868458)"
"1-1-09","24","12","12","0","4","1","1","4","3","3","2","4","2","2","41.5379320782356","2.44158002878275","POINT (2.44158002878275 41.5379320782356)"
"1-2-09","157","87","70","28","13","4","4","31","37","18","12","6","4","4","41.5354140170133","2.44680177354341","POINT (2.44680177354341 41.5354140170133)"
"5-10-06","267","113","154","33","25","17","35","39","65","19","25","5","4","14","41.5378695497788","2.4251165750421","POINT (2.4251165750421 41.5378695497788)"
"1-1-11","127","79","48","12","9","6","5","29","18","15","11","17","5","4","41.5379664160059","2.44035223190996","POINT (2.44035223190996 41.5379664160059)"
"1-2-04","193","96","97","15","18","18","12","33","35","19","21","11","11","8","41.5378583052045","2.44770448340041","POINT (2.44770448340041 41.5378583052045)"
"6-3-03","174","90","84","9","12","8","8","32","23","24","27","17","14","6","41.5356504117969","2.44170201285546","POINT (2.44170201285546 41.5356504117969)"
"6-14-01","203","102","101","19","26","8","7","34","36","23","18","18","14","3","41.5356756103983","2.43586255912791","POINT (2.43586255912791 41.5356756103983)"
"5-11-01","562","281","281","42","44","46","45","67","81","94","92","32","19","38","41.5356477188418","2.42296704779279","POINT (2.42296704779279 41.5356477188418)"
"6-12-01","1042","525","517","85","86","80","81","137","165","147","128","76","57","51","41.5350227514308","2.43367306960259","POINT (2.43367306960259 41.5350227514308)"
"6-8-02","65","35","30","5","4","3","4","5","5","10","11","12","6","2","41.5380149487252","2.42960631550867","POINT (2.42960631550867 41.5380149487252)"
"5-8-01","128","66","62","10","9","16","13","16","15","16","21","8","4","5","41.5380911766817","2.42296135468478","POINT (2.42296135468478 41.5380911766817)"
"6-4-10","35","20","15","4","1","2","2","2","3","7","7","5","2","1","41.5382205451998","2.43512614536154","POINT (2.43512614536154 41.5382205451998)"
"5-11-06","748","349","399","80","85","52","68","107","138","64","80","46","28","27","41.5379708468218","2.42656217098355","POINT (2.42656217098355 41.5379708468218)"
"6-4-06","100","57","43","5","4","3","2","10","10","7","8","32","19","3","41.53807697796","2.43732969262667","POINT (2.43732969262667 41.53807697796)"
"6-3-04","255","127","128","25","23","15","11","42","43","27","37","18","14","13","41.5357604810219","2.43973811243074","POINT (2.43973811243074 41.5357604810219)"
"6-11-03","229","107","122","14","17","18","25","40","44","25","27","10","9","10","41.5358418785598","2.43743531436077","POINT (2.43743531436077 41.5358418785598)"
"5-12-02","534","278","256","49","40","31","40","79","72","90","77","29","27","14","41.5359768896428","2.42506769113684","POINT (2.42506769113684 41.5359768896428)"
"1-1-02","255","142","113","30","17","14","16","45","33","35","32","18","15","9","41.535452568091","2.4438221610499","POINT (2.4438221610499 41.535452568091)"
"6-14-03","434","219","215","44","57","25","20","96","85","39","39","15","14","20","41.5360277823882","2.43536606432228","POINT (2.43536606432228 41.5360277823882)"
"1-4-03","109","63","46","15","10","11","4","21","21","9","7","7","4","1","41.5379935583","2.44350068353063","POINT (2.44350068353063 41.5379935583)"
"6-13-03","74","42","32","4","7","5","2","8","5","14","12","11","6","6","41.5381585839583","2.43085268850857","POINT (2.43085268850857 41.5381585839583)"
"6-4-09","29","16","13","4","0","2","0","1","7","1","2","8","4","4","41.5383312167556","2.43569804699218","POINT (2.43569804699218 41.5383312167556)"
"1-1-10","52","28","24","6","4","2","2","8","12","5","4","7","2","4","41.5383154985496","2.44114463287425","POINT (2.44114463287425 41.5383154985496)"
"5-13-05","770","355","415","83","82","51","62","107","144","67","91","47","36","35","41.5360265612436","2.42673359415256","POINT (2.42673359415256 41.5360265612436)"
"6-12-03","267","144","123","14","11","11","12","33","30","61","40","25","30","7","41.535921334721","2.43178316167858","POINT (2.43178316167858 41.535921334721)"
"6-3-02","170","90","80","19","12","10","11","26","30","24","18","11","9","10","41.5360844802674","2.44120639256812","POINT (2.44120639256812 41.5360844802674)"
"5-9-04","105","55","50","9","7","11","4","17","22","16","13","2","4","5","41.5362482817406","2.42201803172732","POINT (2.42201803172732 41.5362482817406)"
"5-13-04","239","113","126","20","24","7","16","34","38","30","25","22","23","7","41.5364027762385","2.42769615953324","POINT (2.42769615953324 41.5364027762385)"
"2-1-06","304","163","141","20","30","25","20","51","45","41","27","26","19","15","41.5380253312445","2.4506605500449","POINT (2.4506605500449 41.5380253312445)"
"6-7-05","67","37","30","5","5","5","4","7","6","13","11","7","4","3","41.5383494191952","2.43360088998697","POINT (2.43360088998697 41.5383494191952)"
"6-5-03","226","120","106","11","17","16","16","25","19","41","35","27","19","11","41.5382928908948","2.43200825499634","POINT (2.43200825499634 41.5382928908948)"
"5-8-02","107","55","52","6","7","10","7","17","13","17","18","5","7","9","41.5383621486392","2.42342781389226","POINT (2.42342781389226 41.5383621486392)"
"5-10-09","334","157","177","33","49","21","30","43","41","41","44","19","13","15","41.5383545425682","2.42605789287141","POINT (2.42605789287141 41.5383545425682)"
"1-2-05","106","50","56","6","11","6","5","20","18","12","15","6","7","6","41.5362451970513","2.44593455204709","POINT (2.44593455204709 41.5362451970513)"
"6-14-05","404","217","187","25","27","33","27","52","45","62","59","45","29","7","41.5364160918544","2.43492001147852","POINT (2.43492001147852 41.5364160918544)"
"6-4-02","328","167","161","29","36","13","18","70","70","37","24","18","13","16","41.536192962634","2.43924161370981","POINT (2.43924161370981 41.536192962634)"
"6-8-04","51","29","22","0","2","2","2","3","4","10","9","14","5","4","41.5384349740938","2.43026747233967","POINT (2.43026747233967 41.5384349740938)"
"1-7-08","179","92","87","9","16","17","14","32","28","20","18","14","11","9","41.5384011229855","2.43873607631623","POINT (2.43873607631623 41.5384011229855)"
"5-10-05","240","124","116","21","22","19","17","33","37","31","26","20","14","12","41.5383246182853","2.42472651625482","POINT (2.42472651625482 41.5383246182853)"
"5-8-04","465","204","261","70","63","18","31","68","102","32","47","16","18","24","41.5385015516284","2.42210366164449","POINT (2.42210366164449 41.5385015516284)"
"6-4-12","132","58","74","9","18","3","11","16","25","21","16","9","4","7","41.5386646607417","2.435153835714","POINT (2.435153835714 41.5386646607417)"
"5-9-05","140","68","72","15","19","6","3","21","28","11","13","15","9","7","41.5364544408345","2.42253886904886","POINT (2.42253886904886 41.5364544408345)"
"6-14-02","204","103","101","20","15","14","15","37","39","23","26","9","6","6","41.5364201816838","2.43668412117332","POINT (2.43668412117332 41.5364201816838)"
"6-3-01","122","66","56","7","13","9","7","23","13","12","16","15","7","1","41.5365204027575","2.44073936625828","POINT (2.44073936625828 41.5365204027575)"
"5-12-03","685","320","365","83","81","35","52","105","130","61","74","36","28","26","41.5364930209302","2.42635886943027","POINT (2.42635886943027 41.5364930209302)"
"2-1-01","306","173","133","34","30","22","16","47","42","38","29","32","16","11","41.5383242536271","2.44880656090176","POINT (2.44880656090176 41.5383242536271)"
"6-5-04","138","77","61","8","9","15","10","20","11","24","21","10","10","2","41.5387460297698","2.43232670233123","POINT (2.43232670233123 41.5387460297698)"
"1-7-05","191","99","92","12","19","10","10","31","25","33","28","13","10","10","41.5385522852989","2.43979384924536","POINT (2.43979384924536 41.5385522852989)"
"5-8-03","180","75","105","4","8","13","24","14","32","33","29","11","12","8","41.5387338283557","2.42308199145869","POINT (2.42308199145869 41.5387338283557)"
"5-1-07","114","63","51","7","5","7","6","6","7","17","16","26","17","7","41.5418478776146","2.43146477116349","POINT (2.43146477116349 41.5418478776146)"
