ZONA,CODIINE,DISTRICTE,SECCIO,ILLA,LAT,LNG,WKT
"Illes","6-9-62","6","9","62","41,524900359331","2,42978690966917","POINT (2.42978690966917 41.524900359331)"
"Illes","6-9-48","6","9","48","41,527859108085","2,43468361817074","POINT (2.43468361817074 41.527859108085)"
"Illes","4-5-30","4","5","30","41,5467523291673","2,4280465950344","POINT (2.4280465950344 41.5467523291673)"
"Illes","4-5-31","4","5","31","41,5471880471124","2,42809228230425","POINT (2.42809228230425 41.5471880471124)"
"Illes","2-7-05","2","7","05","41,5445044164117","2,44812714965034","POINT (2.44812714965034 41.5445044164117)"
"Illes","1-2-11","1","2","11","41,5360962357671","2,44770383414957","POINT (2.44770383414957 41.5360962357671)"
"Illes","4-9-12","4","9","12","41,5460508847112","2,43498928607665","POINT (2.43498928607665 41.5460508847112)"
"Illes","4-9-11","4","9","11","41,5474449213553","2,43796750200755","POINT (2.43796750200755 41.5474449213553)"
"Illes","4-9-10","4","9","10","41,5482789663759","2,43788453671741","POINT (2.43788453671741 41.5482789663759)"
"Illes","1-1-12","1","1","12","41,5374661955374","2,44095106570353","POINT (2.44095106570353 41.5374661955374)"
"Illes","2-11-13","2","11","13","41,5434764905718","2,45193598979164","POINT (2.45193598979164 41.5434764905718)"
"Illes","2-4-14","2","4","14","41,5463564163442","2,45099221404934","POINT (2.45099221404934 41.5463564163442)"
"Illes","2-4-16","2","4","16","41,5462693044569","2,45063130361705","POINT (2.45063130361705 41.5462693044569)"
"Illes","2-4-15","2","4","15","41,546381104294","2,45066996648647","POINT (2.45066996648647 41.546381104294)"
"Illes","2-4-13","2","4","13","41,5464909143601","2,45073442402795","POINT (2.45073442402795 41.5464909143601)"
"Illes","2-4-12","2","4","12","41,5465096944214","2,45042460919107","POINT (2.45042460919107 41.5465096944214)"
"Illes","2-4-17","2","4","17","41,5459626254712","2,45038346817255","POINT (2.45038346817255 41.5459626254712)"
"Illes","2-4-06","2","4","06","41,5458677685586","2,451967127112","POINT (2.451967127112 41.5458677685586)"
"Illes","2-4-09","2","4","09","41,5464639799326","2,45133476771994","POINT (2.45133476771994 41.5464639799326)"
"Illes","2-4-11","2","4","11","41,5467562295135","2,45076923251833","POINT (2.45076923251833 41.5467562295135)"
"Illes","2-4-10","2","4","10","41,546833401003","2,45103100397524","POINT (2.45103100397524 41.546833401003)"
"Illes","2-4-08","2","4","08","41,5469195199187","2,45134521005715","POINT (2.45134521005715 41.5469195199187)"
"Illes","2-4-05","2","4","05","41,5468220194544","2,45194996609502","POINT (2.45194996609502 41.5468220194544)"
"Illes","2-4-07","2","4","07","41,5467562800201","2,45256663665205","POINT (2.45256663665205 41.5467562800201)"
"Illes","5-16-09","5","16","09","41,5415724922283","2,42409025030172","POINT (2.42409025030172 41.5415724922283)"
"Illes","5-4-15","5","4","15","41,5439658807165","2,42434232613005","POINT (2.42434232613005 41.5439658807165)"
"Illes","6-9-55","6","9","55","41,5264987400204","2,43363876582447","POINT (2.43363876582447 41.5264987400204)"
"Illes","6-9-58","6","9","58","41,5274895987872","2,43353818605333","POINT (2.43353818605333 41.5274895987872)"
"Illes","6-9-59","6","9","59","41,5271410422166","2,43302582314992","POINT (2.43302582314992 41.5271410422166)"
"Illes","6-9-60","6","9","60","41,5267145405193","2,4324964541496","POINT (2.4324964541496 41.5267145405193)"
"Illes","6-9-56","6","9","56","41,5254729286349","2,43200392234187","POINT (2.43200392234187 41.5254729286349)"
"Illes","6-9-61","6","9","61","41,5260143669544","2,43143671577305","POINT (2.43143671577305 41.5260143669544)"
"Illes","6-9-57","6","9","57","41,5244132941947","2,43031671739471","POINT (2.43031671739471 41.5244132941947)"
"Illes","4-9-02","4","9","02","41,5457351679461","2,43608814898706","POINT (2.43608814898706 41.5457351679461)"
"Illes","4-8-03","4","8","03","41,545160151144","2,43537205847329","POINT (2.43537205847329 41.545160151144)"
"Illes","4-8-04","4","8","04","41,5446102071015","2,4361593198698","POINT (2.4361593198698 41.5446102071015)"
"Illes","4-8-01","4","8","01","41,5440114139624","2,4354334240744","POINT (2.4354334240744 41.5440114139624)"
"Illes","6-1-07","6","1","07","41,5306338955736","2,44637306922474","POINT (2.44637306922474 41.5306338955736)"
"Illes","2-7-12","2","7","12","41,544791402267","2,4513081138967","POINT (2.4513081138967 41.544791402267)"
"Illes","4-2-19","4","2","19","41,5615387424496","2,42928595494921","POINT (2.42928595494921 41.5615387424496)"
"Illes","3-10-04","3","10","04","41,547285957521","2,44339635474235","POINT (2.44339635474235 41.547285957521)"
"Illes","6-9-50","6","9","50","41,5219959674975","2,42562496821932","POINT (2.42562496821932 41.5219959674975)"
"Illes","6-9-49","6","9","49","41,5238848370159","2,42905184307635","POINT (2.42905184307635 41.5238848370159)"
"Illes","3-12-09","3","12","09","41,5572177152514","2,45232526028849","POINT (2.45232526028849 41.5572177152514)"
"Illes","3-12-10","3","12","10","41,5581606010579","2,45317793717464","POINT (2.45317793717464 41.5581606010579)"
"Illes","3-12-07","3","12","07","41,5587748164468","2,45202292920027","POINT (2.45202292920027 41.5587748164468)"
"Illes","3-12-08","3","12","08","41,5577548592771","2,45166279776215","POINT (2.45166279776215 41.5577548592771)"
"Illes","3-12-05","3","12","05","41,5574510649039","2,45004779951625","POINT (2.45004779951625 41.5574510649039)"
"Illes","3-12-06","3","12","06","41,5578754927326","2,45113468031161","POINT (2.45113468031161 41.5578754927326)"
"Illes","4-2-18","4","2","18","41,5588681355879","2,4289358979739","POINT (2.4289358979739 41.5588681355879)"
"Illes","6-9-54","6","9","54","41,5305330955559","2,43509205350764","POINT (2.43509205350764 41.5305330955559)"
"Illes","4-4-27","4","4","27","41,5582911572535","2,42639893931273","POINT (2.42639893931273 41.5582911572535)"
"Illes","4-4-26","4","4","26","41,5571286869647","2,4255374553711","POINT (2.4255374553711 41.5571286869647)"
"Illes","2-7-06","2","7","06","41,5455935183854","2,44834562382556","POINT (2.44834562382556 41.5455935183854)"
"Illes","5-2-10","5","2","10","41,5433059683648","2,4278318598692","POINT (2.4278318598692 41.5433059683648)"
"Illes","2-1-08","2","1","08","41,5369467912842","2,45230205821019","POINT (2.45230205821019 41.5369467912842)"
"Illes","2-9-06","2","9","06","41,5413621006811","2,4487065703585","POINT (2.4487065703585 41.5413621006811)"
"Illes","3-14-01","3","14","01","41,5532740470691","2,44292043810922","POINT (2.44292043810922 41.5532740470691)"
"Illes","3-14-01","3","14","01","41,5523683823518","2,4434163568205","POINT (2.4434163568205 41.5523683823518)"
"Illes","3-14-01","3","14","01","41,5517357730323","2,44515643177708","POINT (2.44515643177708 41.5517357730323)"
"Illes","3-14-01","3","14","01","41,554387622028","2,44399971426321","POINT (2.44399971426321 41.554387622028)"
"Illes","4-2-05","4","2","05","41,5496985712946","2,43483384795741","POINT (2.43483384795741 41.5496985712946)"
"Illes","6-3-06","6","3","06","41,5349780243228","2,44057018971158","POINT (2.44057018971158 41.5349780243228)"
"Illes","4-9-09","4","9","09","41,5479573584439","2,4366973562104","POINT (2.4366973562104 41.5479573584439)"
"Illes","4-9-08","4","9","08","41,5487498443033","2,43699459364354","POINT (2.43699459364354 41.5487498443033)"
"Illes","4-9-07","4","9","07","41,5483528672618","2,43578187570437","POINT (2.43578187570437 41.5483528672618)"
"Illes","4-9-06","4","9","06","41,547944389971","2,43543934509055","POINT (2.43543934509055 41.547944389971)"
"Illes","4-9-03","4","9","03","41,5460100639891","2,43758472727396","POINT (2.43758472727396 41.5460100639891)"
"Illes","3-6-20","3","6","20","41,5534228872795","2,45104576533032","POINT (2.45104576533032 41.5534228872795)"
"Illes","3-13-14","3","13","14","41,5535908734448","2,44061256160583","POINT (2.44061256160583 41.5535908734448)"
"Illes","3-6-13","3","6","13","41,553691909708","2,44658686447938","POINT (2.44658686447938 41.553691909708)"
"Illes","3-6-17","3","6","17","41,5538634972414","2,44717664006279","POINT (2.44717664006279 41.5538634972414)"
"Illes","3-13-15","3","13","15","41,5539499581851","2,44030315168144","POINT (2.44030315168144 41.5539499581851)"
"Illes","3-13-18","3","13","18","41,5538394996773","2,4374959268976","POINT (2.4374959268976 41.5538394996773)"
"Illes","3-6-21","3","6","21","41,5538463502156","2,45232386932092","POINT (2.45232386932092 41.5538463502156)"
"Illes","3-14-05","3","14","05","41,5538886429947","2,44248336312992","POINT (2.44248336312992 41.5538886429947)"
"Illes","3-13-17","3","13","17","41,5529857613929","2,43480675076838","POINT (2.43480675076838 41.5529857613929)"
"Illes","1-3-01","1","3","01","41,5384053473059","2,44638333530597","POINT (2.44638333530597 41.5384053473059)"
"Illes","5-13-03","5","13","03","41,5370906012338","2,42736504400402","POINT (2.42736504400402 41.5370906012338)"
"Illes","5-7-08","5","7","08","41,5344494974149","2,42262703513117","POINT (2.42262703513117 41.5344494974149)"
"Illes","4-5-21","4","5","21","41,5459212455011","2,43029346321323","POINT (2.43029346321323 41.5459212455011)"
"Illes","4-5-26","4","5","26","41,5442292494368","2,43099356262843","POINT (2.43099356262843 41.5442292494368)"
"Illes","4-5-28","4","5","28","41,5442283848066","2,43040763614225","POINT (2.43040763614225 41.5442283848066)"
"Illes","4-5-27","4","5","27","41,5446003992514","2,43039854890008","POINT (2.43039854890008 41.5446003992514)"
"Illes","6-9-53","6","9","53","41,5316030138734","2,43576160783793","POINT (2.43576160783793 41.5316030138734)"
"Illes","6-9-08","6","9","08","41,532348191655","2,43509368531087","POINT (2.43509368531087 41.532348191655)"
"Illes","6-9-51","6","9","51","41,5320215558715","2,43398122385646","POINT (2.43398122385646 41.5320215558715)"
"Illes","3-6-19","3","6","19","41,5516606526365","2,4506893795576","POINT (2.4506893795576 41.5516606526365)"
"Illes","3-13-09","3","13","09","41,5530551051521","2,43810207072748","POINT (2.43810207072748 41.5530551051521)"
"Illes","3-6-23","3","6","23","41,5525586045673","2,45406730348272","POINT (2.45406730348272 41.5525586045673)"
"Illes","3-14-04","3","14","04","41,5525797454029","2,44160668037049","POINT (2.44160668037049 41.5525797454029)"
"Illes","3-6-25","3","6","25","41,5508986816384","2,45275905453852","POINT (2.45275905453852 41.5508986816384)"
"Illes","3-6-16","3","6","16","41,5533006357316","2,44754481111275","POINT (2.44754481111275 41.5533006357316)"
"Illes","3-13-13","3","13","13","41,5532994998798","2,44103237877986","POINT (2.44103237877986 41.5532994998798)"
"Illes","3-6-04","3","6","04","41,5533880322344","2,4450709208969","POINT (2.4450709208969 41.5533880322344)"
"Illes","3-6-05","3","6","05","41,5534749401754","2,4455974212518","POINT (2.4455974212518 41.5534749401754)"
"Illes","3-13-12","3","13","12","41,5534869423726","2,4391603179608","POINT (2.4391603179608 41.5534869423726)"
"Illes","3-6-09","3","6","09","41,5535717327464","2,44616332311912","POINT (2.44616332311912 41.5535717327464)"
"Illes","3-6-07","3","6","07","41,5542967401454","2,44533312437413","POINT (2.44533312437413 41.5542967401454)"
"Illes","3-6-14","3","6","14","41,5544557565223","2,44627799214826","POINT (2.44627799214826 41.5544557565223)"
"Illes","3-14-01","3","14","01","41,5535062875099","2,44439312328596","POINT (2.44439312328596 41.5535062875099)"
"Illes","3-13-20","3","13","20","41,5545791543656","2,44000143027161","POINT (2.44000143027161 41.5545791543656)"
"Illes","2-1-02","2","1","02","41,5387737357241","2,44989845546507","POINT (2.44989845546507 41.5387737357241)"
"Illes","1-7-11","1","7","11","41,5389088614636","2,43939469427638","POINT (2.43939469427638 41.5389088614636)"
"Illes","5-10-08","5","10","08","41,5388451949605","2,42572488034008","POINT (2.42572488034008 41.5388451949605)"
"Illes","1-3-02","1","3","02","41,5389881222416","2,44590206002355","POINT (2.44590206002355 41.5389881222416)"
"Illes","2-1-03","2","1","03","41,5390717513114","2,45043487019708","POINT (2.45043487019708 41.5390717513114)"
"Illes","2-1-09","2","1","09","41,5393685810113","2,4529842412879","POINT (2.4529842412879 41.5393685810113)"
"Illes","6-5-06","6","5","06","41,5392421652198","2,43309074902729","POINT (2.43309074902729 41.5392421652198)"
"Illes","6-6-02","6","6","02","41,5391453850789","2,4350001988279","POINT (2.4350001988279 41.5391453850789)"
"Illes","5-7-01","5","7","01","41,5391128858308","2,42230133335975","POINT (2.42230133335975 41.5391128858308)"
"Illes","6-8-05","6","8","05","41,5391122196276","2,43058231731333","POINT (2.43058231731333 41.5391122196276)"
"Illes","5-7-03","5","7","03","41,5392698804774","2,42160327561876","POINT (2.42160327561876 41.5392698804774)"
"Illes","3-14-06","3","14","06","41,5546678251888","2,44343048369936","POINT (2.44343048369936 41.5546678251888)"
"Illes","3-6-22","3","6","22","41,5543665506038","2,45393608126626","POINT (2.45393608126626 41.5543665506038)"
"Illes","3-12-02","3","12","02","41,5549100152123","2,43377369269045","POINT (2.43377369269045 41.5549100152123)"
"Illes","4-4-25","4","4","25","41,5540181827525","2,4278550471287","POINT (2.4278550471287 41.5540181827525)"
"Illes","4-2-15","4","2","15","41,5556140838787","2,43028201101408","POINT (2.43028201101408 41.5556140838787)"
"Illes","3-12-04","3","12","04","41,5568212442713","2,43164966871285","POINT (2.43164966871285 41.5568212442713)"
"Illes","3-12-03","3","12","03","41,5572304025906","2,43377275345037","POINT (2.43377275345037 41.5572304025906)"
"Illes","5-8-05","5","8","05","41,538540798161","2,42138925386418","POINT (2.42138925386418 41.538540798161)"
"Illes","6-8-03","6","8","03","41,5386772120503","2,42976894917823","POINT (2.42976894917823 41.5386772120503)"
"Illes","6-5-05","6","5","05","41,5388324902256","2,43279257144147","POINT (2.43279257144147 41.5388324902256)"
"Illes","2-2-05","2","2","05","41,5390379061272","2,45424940088783","POINT (2.45424940088783 41.5390379061272)"
"Illes","6-7-06","6","7","06","41,5388386353307","2,43370296248211","POINT (2.43370296248211 41.5388386353307)"
"Illes","2-1-07","2","1","07","41,538709209876","2,45197635252877","POINT (2.45197635252877 41.538709209876)"
"Illes","1-4-02","1","4","02","41,5386400619786","2,44346986052017","POINT (2.44346986052017 41.5386400619786)"
"Illes","6-4-07","6","4","07","41,5387631750172","2,43692369435972","POINT (2.43692369435972 41.5387631750172)"
"Illes","3-13-19","3","13","19","41,5542198809814","2,43866183271595","POINT (2.43866183271595 41.5542198809814)"
"Illes","3-6-06","3","6","06","41,5542623038831","2,44487141360471","POINT (2.44487141360471 41.5542623038831)"
"Illes","3-13-16","3","13","16","41,5542227820001","2,44160927167383","POINT (2.44160927167383 41.5542227820001)"
"Illes","3-6-18","3","6","18","41,5544893517263","2,44695132176779","POINT (2.44695132176779 41.5544893517263)"
"Illes","3-6-10","3","6","10","41,554380856882","2,44580389385344","POINT (2.44580389385344 41.554380856882)"
"Illes","1-3-05","1","3","05","41,5401927693749","2,4462943415729","POINT (2.4462943415729 41.5401927693749)"
"Illes","6-6-04","6","6","04","41,5397689491702","2,43494939074634","POINT (2.43494939074634 41.5397689491702)"
"Illes","5-19-02","5","19","02","41,5397946190489","2,42546799126127","POINT (2.42546799126127 41.5397946190489)"
"Illes","6-13-06","6","13","06","41,5400021894086","2,43327566721249","POINT (2.43327566721249 41.5400021894086)"
"Illes","2-10-11","2","10","11","41,540132349713","2,45074632697949","POINT (2.45074632697949 41.540132349713)"
"Illes","5-7-02","5","7","02","41,5397949416037","2,42265182176988","POINT (2.42265182176988 41.5397949416037)"
"Illes","6-6-05","6","6","05","41,5401551994609","2,43420815002269","POINT (2.43420815002269 41.5401551994609)"
"Illes","2-1-10","2","1","10","41,5400441510045","2,45216230592792","POINT (2.45216230592792 41.5400441510045)"
"Illes","5-19-03","5","19","03","41,540208324121","2,42426033636585","POINT (2.42426033636585 41.540208324121)"
"Illes","6-13-07","6","13","07","41,5401520278629","2,43287031772889","POINT (2.43287031772889 41.5401520278629)"
"Illes","5-10-11","5","10","11","41,5400133687439","2,43014874543929","POINT (2.43014874543929 41.5400133687439)"
"Illes","6-6-03","6","6","03","41,54003598193","2,4361994349116","POINT (2.4361994349116 41.54003598193)"
"Illes","1-7-09","1","7","09","41,5391585797567","2,43804556338618","POINT (2.43804556338618 41.5391585797567)"
"Illes","5-17-03","5","17","03","41,5389516639352","2,42428767586338","POINT (2.42428767586338 41.5389516639352)"
"Illes","6-6-01","6","6","01","41,5394459033109","2,43652415006036","POINT (2.43652415006036 41.5394459033109)"
"Illes","1-7-03","1","7","03","41,5391073634643","2,4404009659694","POINT (2.4404009659694 41.5391073634643)"
"Illes","6-8-06","6","8","06","41,5394762276166","2,43101616430006","POINT (2.43101616430006 41.5394762276166)"
"Illes","2-10-03","2","10","03","41,5397090035648","2,44740526000954","POINT (2.44740526000954 41.5397090035648)"
"Illes","6-13-04","6","13","04","41,5396165809036","2,43224786095203","POINT (2.43224786095203 41.5396165809036)"
"Illes","6-13-05","6","13","05","41,5396034167705","2,43270401215439","POINT (2.43270401215439 41.5396034167705)"
"Illes","1-4-01","1","4","01","41,539210528861","2,44415844737201","POINT (2.44415844737201 41.539210528861)"
"Illes","1-4-05","1","4","05","41,5394794383649","2,44217470605719","POINT (2.44217470605719 41.5394794383649)"
"Illes","1-3-04","1","3","04","41,5398615019876","2,44492924630717","POINT (2.44492924630717 41.5398615019876)"
"Illes","2-2-02","2","2","02","41,5397080450278","2,45367260027849","POINT (2.45367260027849 41.5397080450278)"
"Illes","5-17-01","5","17","01","41,539371688063","2,42346907710593","POINT (2.42346907710593 41.539371688063)"
"Illes","6-5-07","6","5","07","41,539683326757","2,43357648338906","POINT (2.43357648338906 41.539683326757)"
"Illes","2-1-04","2","1","04","41,5394561077527","2,45141736718915","POINT (2.45141736718915 41.5394561077527)"
"Illes","6-8-07","6","8","07","41,539719619653","2,43132043021706","POINT (2.43132043021706 41.539719619653)"
"Illes","1-7-01","1","7","01","41,5393205523327","2,44111661486047","POINT (2.44111661486047 41.5393205523327)"
"Illes","5-19-01","5","19","01","41,5394899242774","2,42498633928827","POINT (2.42498633928827 41.5394899242774)"
"Illes","1-7-06","1","7","06","41,5395623395585","2,43878042650991","POINT (2.43878042650991 41.5395623395585)"
"Illes","1-3-03","1","3","03","41,5396480250198","2,4458287428377","POINT (2.4458287428377 41.5396480250198)"
"Illes","5-19-04","5","19","04","41,5399312940067","2,42437058385761","POINT (2.42437058385761 41.5399312940067)"
"Illes","2-10-02","2","10","02","41,5399842173974","2,44701144069601","POINT (2.44701144069601 41.5399842173974)"
"Illes","5-10-10","5","10","10","41,5388978765823","2,42846743470193","POINT (2.42846743470193 41.5388978765823)"
"Illes","2-10-08","2","10","08","41,5397175610543","2,4495695957566","POINT (2.4495695957566 41.5397175610543)"
"Illes","5-7-04","5","7","04","41,5398233943454","2,4218206708217","POINT (2.4218206708217 41.5398233943454)"
"Illes","2-10-05","2","10","05","41,5402391907997","2,44744892813149","POINT (2.44744892813149 41.5402391907997)"
"Illes","1-7-02","1","7","02","41,5402559284425","2,44010501363953","POINT (2.44010501363953 41.5402559284425)"
"Illes","2-10-01","2","10","01","41,5404644146126","2,44674047863302","POINT (2.44674047863302 41.5404644146126)"
"Illes","2-1-08","2","1","08","41,5401521569954","2,45258395428887","POINT (2.45258395428887 41.5401521569954)"
"Illes","2-10-06","2","10","06","41,5402063301825","2,44811521372743","POINT (2.44811521372743 41.5402063301825)"
"Illes","5-20-05","5","20","05","41,5405079994671","2,42575976442086","POINT (2.42575976442086 41.5405079994671)"
"Illes","2-11-12","2","11","12","41,540859424174","2,45182870254949","POINT (2.45182870254949 41.540859424174)"
"Illes","2-10-10","2","10","10","41,540761860825","2,4499775230369","POINT (2.4499775230369 41.540761860825)"
"Illes","5-16-06","5","16","06","41,5408376198113","2,42378470391862","POINT (2.42378470391862 41.5408376198113)"
"Illes","5-7-07","5","7","07","41,5407973952001","2,42126577985398","POINT (2.42126577985398 41.5407973952001)"
"Illes","5-1-07","5","1","07","41,5409039974398","2,4322568393071","POINT (2.4322568393071 41.5409039974398)"
"Illes","2-5-08","2","5","08","41,5453517774936","2,4686536402706","POINT (2.4686536402706 41.5453517774936)"
"Illes","5-15-04","5","15","04","41,5408834109882","2,42559312410514","POINT (2.42559312410514 41.5408834109882)"
"Illes","1-6-01","1","6","01","41,540989597855","2,44044317726773","POINT (2.44044317726773 41.540989597855)"
"Illes","2-2-04","2","2","04","41,5409336687419","2,45531704362278","POINT (2.45531704362278 41.5409336687419)"
"Illes","5-16-08","5","16","08","41,5411016923102","2,42319703823906","POINT (2.42319703823906 41.5411016923102)"
"Illes","5-16-02","5","16","02","41,5411618498626","2,42504937493781","POINT (2.42504937493781 41.5411618498626)"
"Illes","5-1-04","5","1","04","41,5411117703537","2,42904633710795","POINT (2.42904633710795 41.5411117703537)"
"Illes","5-7-05","5","7","05","41,5403266789616","2,42244121062387","POINT (2.42244121062387 41.5403266789616)"
"Illes","2-10-07","2","10","07","41,5405857493373","2,44842740989914","POINT (2.44842740989914 41.5405857493373)"
"Illes","5-1-06","5","1","06","41,5405305007374","2,42887747480667","POINT (2.42887747480667 41.5405305007374)"
"Illes","5-1-13","5","1","13","41,5407067533132","2,43435900310935","POINT (2.43435900310935 41.5407067533132)"
"Illes","5-7-06","5","7","06","41,5404592800745","2,42170063834427","POINT (2.42170063834427 41.5404592800745)"
"Illes","2-2-01","2","2","01","41,5404012129589","2,45335352967102","POINT (2.45335352967102 41.5404012129589)"
"Illes","1-3-06","1","3","06","41,5404919833476","2,4453210064796","POINT (2.4453210064796 41.5404919833476)"
"Illes","5-1-05","5","1","05","41,5405662390572","2,4282867192744","POINT (2.4282867192744 41.5405662390572)"
"Illes","5-20-04","5","20","04","41,5405657972945","2,42652560866553","POINT (2.42652560866553 41.5405657972945)"
"Illes","1-4-06","1","4","06","41,5403380385969","2,44171095017924","POINT (2.44171095017924 41.5403380385969)"
"Illes","5-20-03","5","20","03","41,5406199035951","2,42746416870377","POINT (2.42746416870377 41.5406199035951)"
"Illes","1-4-07","1","4","07","41,5401744650566","2,44299387075845","POINT (2.44299387075845 41.5401744650566)"
"Illes","5-1-08","5","1","08","41,5407528340096","2,43499889197968","POINT (2.43499889197968 41.5407528340096)"
"Illes","2-2-03","2","2","03","41,5405631491922","2,45433400599725","POINT (2.45433400599725 41.5405631491922)"
"Illes","2-10-09","2","10","09","41,5404986055971","2,44917699656487","POINT (2.44917699656487 41.5404986055971)"
"Illes","1-4-08","1","4","08","41,5403648896345","2,44371108819726","POINT (2.44371108819726 41.5403648896345)"
"Illes","1-6-05","1","6","05","41,5408872316545","2,4378525863237","POINT (2.4378525863237 41.5408872316545)"
"Illes","5-16-07","5","16","07","41,5408445758405","2,42304446474714","POINT (2.42304446474714 41.5408445758405)"
"Illes","5-16-01","5","16","01","41,5407364397542","2,42473130675499","POINT (2.42473130675499 41.5407364397542)"
"Illes","1-6-03","1","6","03","41,5409248542929","2,43920130091984","POINT (2.43920130091984 41.5409248542929)"
"Illes","1-7-10","1","7","10","41,5400181329126","2,4372679952823","POINT (2.4372679952823 41.5400181329126)"
"Illes","1-7-07","1","7","07","41,5402199790891","2,43816205175047","POINT (2.43816205175047 41.5402199790891)"
"Illes","6-8-08","6","8","08","41,540138326525","2,43196415157502","POINT (2.43196415157502 41.540138326525)"
"Illes","1-7-04","1","7","04","41,540068554447","2,4393584884817","POINT (2.4393584884817 41.540068554447)"
"Illes","5-17-02","5","17","02","41,5398946778083","2,42382729314787","POINT (2.42382729314787 41.5398946778083)"
"Illes","5-6-01","5","6","01","41,5415233101622","2,42115898398258","POINT (2.42115898398258 41.5415233101622)"
"Illes","5-1-01","5","1","01","41,5418169877492","2,42852398341441","POINT (2.42852398341441 41.5418169877492)"
"Illes","5-16-05","5","16","05","41,5417150156597","2,42340585734115","POINT (2.42340585734115 41.5417150156597)"
"Illes","2-9-10","2","9","10","41,5417360985277","2,44970331151433","POINT (2.44970331151433 41.5417360985277)"
"Illes","5-20-02","5","20","02","41,541931406447","2,42790669161207","POINT (2.42790669161207 41.541931406447)"
"Illes","2-11-09","2","11","09","41,5420656961323","2,45261775240987","POINT (2.45261775240987 41.5420656961323)"
"Illes","1-5-02","1","5","02","41,5418840641924","2,44300178547136","POINT (2.44300178547136 41.5418840641924)"
"Illes","5-16-04","5","16","04","41,5416876454887","2,42482675311436","POINT (2.42482675311436 41.5416876454887)"
"Illes","1-9-02","1","9","02","41,5419855673817","2,43896176609654","POINT (2.43896176609654 41.5419855673817)"
"Illes","2-10-12","2","10","12","41,5409701055466","2,45057186718773","POINT (2.45057186718773 41.5409701055466)"
"Illes","5-6-02","5","6","02","41,5411401718134","2,42217754225322","POINT (2.42217754225322 41.5411401718134)"
"Illes","1-6-07","1","6","07","41,5409355405086","2,43683129262011","POINT (2.43683129262011 41.5409355405086)"
"Illes","5-15-05","5","15","05","41,5410926306279","2,42621493677839","POINT (2.42621493677839 41.5410926306279)"
"Illes","5-1-03","5","1","03","41,5411699702612","2,42840097069089","POINT (2.42840097069089 41.5411699702612)"
"Illes","5-1-12","5","1","12","41,5412063508989","2,4345344594471","POINT (2.4345344594471 41.5412063508989)"
"Illes","2-11-11","2","11","11","41,5411962834364","2,45300980151138","POINT (2.45300980151138 41.5411962834364)"
"Illes","1-5-04","1","5","04","41,5411778577351","2,44170104467768","POINT (2.44170104467768 41.5411778577351)"
"Illes","1-3-07","1","3","07","41,5412031489024","2,44530709235038","POINT (2.44530709235038 41.5412031489024)"
"Illes","1-5-01","1","5","01","41,5413442520476","2,44342517418366","POINT (2.44342517418366 41.5413442520476)"
"Illes","2-9-01","2","9","01","41,5411559999047","2,44721901010284","POINT (2.44721901010284 41.5411559999047)"
"Illes","1-6-04","1","6","04","41,5414659082159","2,43912936687102","POINT (2.43912936687102 41.5414659082159)"
"Illes","2-3-16","2","3","16","41,5414698112962","2,45401272160943","POINT (2.45401272160943 41.5414698112962)"
"Illes","1-3-08","1","3","08","41,5417070585599","2,44532172349072","POINT (2.44532172349072 41.5417070585599)"
"Illes","2-11-03","2","11","03","41,5414817468393","2,45144280690097","POINT (2.45144280690097 41.5414817468393)"
"Illes","4-6-01","4","6","01","41,5414810329221","2,43588064372235","POINT (2.43588064372235 41.5414810329221)"
"Illes","1-3-14","1","3","14","41,5418607308235","2,44482165605096","POINT (2.44482165605096 41.5418607308235)"
"Illes","2-11-10","2","11","10","41,5417057710085","2,45277165034228","POINT (2.45277165034228 41.5417057710085)"
"Illes","1-6-02","1","6","02","41,5416200342299","2,44051921337206","POINT (2.44051921337206 41.5416200342299)"
"Illes","5-16-03","5","16","03","41,5415368931146","2,42521104611411","POINT (2.42521104611411 41.5415368931146)"
"Illes","1-3-09","1","3","09","41,5416486364625","2,44435610889695","POINT (2.44435610889695 41.5416486364625)"
"Illes","1-6-06","1","6","06","41,5415456184114","2,43774488653248","POINT (2.43774488653248 41.5415456184114)"
"Illes","1-5-05","1","5","05","41,5417294440389","2,44179842408239","POINT (2.44179842408239 41.5417294440389)"
"Illes","5-15-03","5","15","03","41,5416252649432","2,42588303431167","POINT (2.42588303431167 41.5416252649432)"
"Illes","5-1-02","5","1","02","41,5416937921707","2,42920622531926","POINT (2.42920622531926 41.5416937921707)"
"Illes","2-3-01","2","3","01","41,5417401133504","2,45513792965847","POINT (2.45513792965847 41.5417401133504)"
"Illes","1-3-12","1","3","12","41,5422479466807","2,44400339220803","POINT (2.44400339220803 41.5422479466807)"
"Illes","2-9-05","2","9","05","41,5420855430575","2,44824190788135","POINT (2.44824190788135 41.5420855430575)"
"Illes","2-11-02","2","11","02","41,5421017579426","2,45062516789333","POINT (2.45062516789333 41.5421017579426)"
"Illes","5-15-02","5","15","02","41,5420565557743","2,4263791120383","POINT (2.4263791120383 41.5420565557743)"
"Illes","1-9-01","1","9","01","41,542251789436","2,44035434475642","POINT (2.44035434475642 41.542251789436)"
"Illes","1-9-03","1","9","03","41,5428232649575","2,44018035095568","POINT (2.44018035095568 41.5428232649575)"
"Illes","2-9-03","2","9","03","41,5427793811205","2,44741640223972","POINT (2.44741640223972 41.5427793811205)"
"Illes","5-5-03","5","5","03","41,5427645212096","2,42281045323272","POINT (2.42281045323272 41.5427645212096)"
"Illes","1-9-05","1","9","05","41,5426127019759","2,43897242984299","POINT (2.43897242984299 41.5426127019759)"
"Illes","2-11-08","2","11","08","41,5427223372865","2,45231128997017","POINT (2.45231128997017 41.5427223372865)"
"Illes","4-6-04","4","6","04","41,5429870737974","2,43393849630062","POINT (2.43393849630062 41.5429870737974)"
"Illes","5-3-03","5","3","03","41,5430505831361","2,42636801705664","POINT (2.42636801705664 41.5430505831361)"
"Illes","1-5-09","1","5","09","41,5430537569105","2,44124986013965","POINT (2.44124986013965 41.5430537569105)"
"Illes","2-9-08","2","9","08","41,5429633612686","2,44830827011664","POINT (2.44830827011664 41.5429633612686)"
"Illes","2-11-05","2","11","05","41,5430913750078","2,45096432895208","POINT (2.45096432895208 41.5430913750078)"
"Illes","5-4-04","5","4","04","41,5431531637078","2,42433317801981","POINT (2.42433317801981 41.5431531637078)"
"Illes","2-3-13","2","3","13","41,542231220492","2,45372376583171","POINT (2.45372376583171 41.542231220492)"
"Illes","2-9-04","2","9","04","41,5424538297375","2,44769944598189","POINT (2.44769944598189 41.5424538297375)"
"Illes","5-5-02","5","5","02","41,5423161785566","2,42320673416195","POINT (2.42320673416195 41.5423161785566)"
"Illes","1-3-11","1","3","11","41,5423859907345","2,44491758752685","POINT (2.44491758752685 41.5423859907345)"
"Illes","2-9-07","2","9","07","41,5423978320893","2,44924229752437","POINT (2.44924229752437 41.5423978320893)"
"Illes","5-2-01","5","2","01","41,542418698261","2,42820523833546","POINT (2.42820523833546 41.542418698261)"
"Illes","2-3-14","2","3","14","41,5424630558117","2,45444593812945","POINT (2.45444593812945 41.5424630558117)"
"Illes","2-12-01","2","12","01","41,5424395773646","2,44645691609121","POINT (2.44645691609121 41.5424395773646)"
"Illes","2-11-06","2","11","06","41,542372039145","2,45134916199264","POINT (2.45134916199264 41.542372039145)"
"Illes","1-5-07","1","5","07","41,5425841838099","2,4414246130749","POINT (2.4414246130749 41.5425841838099)"
"Illes","5-4-01","5","4","01","41,5423350806821","2,42463466628069","POINT (2.42463466628069 41.5423350806821)"
"Illes","5-3-01","5","3","01","41,5426248251973","2,4257115772699","POINT (2.4257115772699 41.5426248251973)"
"Illes","4-6-03","4","6","03","41,5426921475434","2,4343389972828","POINT (2.4343389972828 41.5426921475434)"
"Illes","1-3-10","1","3","10","41,5423095963094","2,4458436087158","POINT (2.4458436087158 41.5423095963094)"
"Illes","5-5-01","5","5","01","41,5423775122578","2,42185699556647","POINT (2.42185699556647 41.5423775122578)"
"Illes","2-3-15","2","3","15","41,5426504865804","2,45501608651451","POINT (2.45501608651451 41.5426504865804)"
"Illes","5-6-03","5","6","03","41,5419107379263","2,4217856058358","POINT (2.4217856058358 41.5419107379263)"
"Illes","5-15-01","5","15","01","41,5425940677653","2,42693696122413","POINT (2.42693696122413 41.5425940677653)"
"Illes","1-5-03","1","5","03","41,5426223210006","2,44263178928849","POINT (2.44263178928849 41.5426223210006)"
"Illes","5-4-03","5","4","03","41,5427152722582","2,42401331042691","POINT (2.42401331042691 41.5427152722582)"
"Illes","5-1-09","5","1","09","41,5427561941662","2,4328995774041","POINT (2.4328995774041 41.5427561941662)"
"Illes","5-20-01","5","20","01","41,5415038015685","2,42735893292591","POINT (2.42735893292591 41.5415038015685)"
"Illes","1-5-06","1","5","06","41,5421526258563","2,44159687032883","POINT (2.44159687032883 41.5421526258563)"
"Illes","2-9-02","2","9","02","41,5420087802434","2,44712967956477","POINT (2.44712967956477 41.5420087802434)"
"Illes","2-12-02","2","12","02","41,5433497340932","2,44700750094459","POINT (2.44700750094459 41.5433497340932)"
"Illes","5-2-07","5","2","07","41,5440201872605","2,42724485892402","POINT (2.42724485892402 41.5440201872605)"
"Illes","2-8-04","2","8","04","41,5436992976132","2,44628244410702","POINT (2.44628244410702 41.5436992976132)"
"Illes","1-5-11","1","5","11","41,5437608428844","2,44097680955636","POINT (2.44097680955636 41.5437608428844)"
"Illes","5-2-08","5","2","08","41,5441387870045","2,42737138206401","POINT (2.42737138206401 41.5441387870045)"
"Illes","4-6-08","4","6","08","41,5439531230744","2,43388274768161","POINT (2.43388274768161 41.5439531230744)"
"Illes","2-3-08","2","3","08","41,5441764736565","2,45448185384362","POINT (2.45448185384362 41.5441764736565)"
"Illes","1-5-10","1","5","10","41,5439583820763","2,44193597500045","POINT (2.44193597500045 41.5439583820763)"
"Illes","5-3-07","5","3","07","41,5441834070015","2,42506052260586","POINT (2.42506052260586 41.5441834070015)"
"Illes","5-4-08","5","4","08","41,5439293932332","2,42368744959939","POINT (2.42368744959939 41.5439293932332)"
"Illes","2-11-07","2","11","07","41,5440618353875","2,45167879367655","POINT (2.45167879367655 41.5440618353875)"
"Illes","5-4-02","5","4","02","41,5430246490959","2,42489492861642","POINT (2.42489492861642 41.5430246490959)"
"Illes","5-2-05","5","2","05","41,5431007108335","2,42724224062005","POINT (2.42724224062005 41.5431007108335)"
"Illes","5-3-02","5","3","02","41,5431035244867","2,42568204775156","POINT (2.42568204775156 41.5431035244867)"
"Illes","5-2-02","5","2","02","41,5429330223271","2,42894981187154","POINT (2.42894981187154 41.5429330223271)"
"Illes","2-3-10","2","3","10","41,543107786022","2,45338650268714","POINT (2.45338650268714 41.543107786022)"
"Illes","2-9-09","2","9","09","41,5431659306102","2,44902520107419","POINT (2.44902520107419 41.5431659306102)"
"Illes","4-6-05","4","6","05","41,5433572895956","2,43348063734864","POINT (2.43348063734864 41.5433572895956)"
"Illes","1-5-08","1","5","08","41,5433068822249","2,44225340620915","POINT (2.44225340620915 41.5433068822249)"
"Illes","5-4-06","5","4","06","41,5432909344887","2,42284935614298","POINT (2.42284935614298 41.5432909344887)"
"Illes","2-3-11","2","3","11","41,5432922305353","2,45418309766152","POINT (2.45418309766152 41.5432922305353)"
"Illes","5-7-08","5","7","08","41,5399961652435","2,41962168554258","POINT (2.41962168554258 41.5399961652435)"
"Illes","5-1-10","5","1","10","41,5433162414832","2,43236116994607","POINT (2.43236116994607 41.5433162414832)"
"Illes","2-8-02","2","8","02","41,5431213292443","2,44549591416768","POINT (2.44549591416768 41.5431213292443)"
"Illes","2-3-12","2","3","12","41,5434106118473","2,45472949484148","POINT (2.45472949484148 41.5434106118473)"
"Illes","5-5-04","5","5","04","41,5430824772337","2,4220742960409","POINT (2.4220742960409 41.5430824772337)"
"Illes","5-2-03","5","2","03","41,5431684524342","2,42841797864174","POINT (2.42841797864174 41.5431684524342)"
"Illes","2-11-01","2","11","01","41,543413141227","2,44975460375861","POINT (2.44975460375861 41.543413141227)"
"Illes","4-6-06","4","6","06","41,5436479847691","2,43315980244653","POINT (2.43315980244653 41.5436479847691)"
"Illes","4-6-09","4","6","09","41,5434132652069","2,43470331502124","POINT (2.43470331502124 41.5434132652069)"
"Illes","1-9-04","1","9","04","41,5434087924503","2,44006316532521","POINT (2.44006316532521 41.5434087924503)"
"Illes","5-4-07","5","4","07","41,5436495897056","2,42308160516504","POINT (2.42308160516504 41.5436495897056)"
"Illes","5-4-05","5","4","05","41,5435272112639","2,42462002875002","POINT (2.42462002875002 41.5435272112639)"
"Illes","2-11-04","2","11","04","41,5436836143138","2,45062186297361","POINT (2.45062186297361 41.5436836143138)"
"Illes","5-3-04","5","3","04","41,5435796324729","2,42585097709747","POINT (2.42585097709747 41.5435796324729)"
"Illes","2-7-01","2","7","01","41,5437143834526","2,44789379241133","POINT (2.44789379241133 41.5437143834526)"
"Illes","5-3-05","5","3","05","41,5437399248889","2,42515311914043","POINT (2.42515311914043 41.5437399248889)"
"Illes","5-2-06","5","2","06","41,5437947858339","2,42705028312481","POINT (2.42705028312481 41.5437947858339)"
"Illes","5-2-11","5","2","11","41,5436629667332","2,42808434567726","POINT (2.42808434567726 41.5436629667332)"
"Illes","4-5-24","4","5","24","41,5435312015111","2,43023790364484","POINT (2.43023790364484 41.5435312015111)"
"Illes","2-7-04","2","7","04","41,5439137899061","2,44853913764706","POINT (2.44853913764706 41.5439137899061)"
"Illes","1-3-13","1","3","13","41,543489236579","2,44372876668643","POINT (2.44372876668643 41.543489236579)"
"Illes","5-4-09","5","4","09","41,5443384916369","2,42401673686421","POINT (2.42401673686421 41.5443384916369)"
"Illes","2-3-09","2","3","09","41,5446092990051","2,45437433187119","POINT (2.45437433187119 41.5446092990051)"
"Illes","5-3-08","5","3","08","41,5445283073467","2,42466167239222","POINT (2.42466167239222 41.5445283073467)"
"Illes","5-3-09","5","3","09","41,5445713483279","2,42609766304946","POINT (2.42609766304946 41.5445713483279)"
"Illes","2-7-06","2","7","06","41,5453473478791","2,44825472346239","POINT (2.44825472346239 41.5453473478791)"
"Illes","5-4-10","5","4","10","41,5451454549554","2,42368452116966","POINT (2.42368452116966 41.5451454549554)"
"Illes","2-7-09","2","7","09","41,5452718950662","2,4497528031481","POINT (2.4497528031481 41.5452718950662)"
"Illes","4-9-01","4","9","01","41,5452060684729","2,43688783313138","POINT (2.43688783313138 41.5452060684729)"
"Illes","2-12-03","2","12","03","41,5452959326888","2,44658280912814","POINT (2.44658280912814 41.5452959326888)"
"Illes","2-7-03","2","7","03","41,5451524092842","2,44758317689284","POINT (2.44758317689284 41.5451524092842)"
"Illes","2-4-02","2","4","02","41,5457734654559","2,45381148797696","POINT (2.45381148797696 41.5457734654559)"
"Illes","4-5-25","4","5","25","41,5451674444191","2,42861015477767","POINT (2.42861015477767 41.5451674444191)"
"Illes","2-4-01","2","4","01","41,5457938079962","2,45327176368293","POINT (2.45327176368293 41.5457938079962)"
"Illes","4-5-23","4","5","23","41,5455511781265","2,43093111837401","POINT (2.43093111837401 41.5455511781265)"
"Illes","4-5-17","4","5","17","41,545510724682","2,42907549730282","POINT (2.42907549730282 41.545510724682)"
"Illes","2-7-08","2","7","08","41,5444611111252","2,45023608570904","POINT (2.45023608570904 41.5444611111252)"
"Illes","4-8-02","4","8","02","41,5445294012856","2,43468019116368","POINT (2.43468019116368 41.5445294012856)"
"Illes","5-3-10","5","3","10","41,5447654482924","2,42524008460326","POINT (2.42524008460326 41.5447654482924)"
"Illes","2-3-07","2","3","07","41,5449303412146","2,45436624426619","POINT (2.45436624426619 41.5449303412146)"
"Illes","4-6-07","4","6","07","41,5445036069637","2,43309938462001","POINT (2.43309938462001 41.5445036069637)"
"Illes","5-1-11","5","1","11","41,5442028550413","2,43186479346066","POINT (2.43186479346066 41.5442028550413)"
"Illes","4-5-18","4","5","18","41,5447062446263","2,42928158911713","POINT (2.42928158911713 41.5447062446263)"
"Illes","2-3-02","2","3","02","41,5442990602461","2,45323490414562","POINT (2.45323490414562 41.5442990602461)"
"Illes","2-3-03","2","3","03","41,5449423854575","2,45380900574912","POINT (2.45380900574912 41.5449423854575)"
"Illes","2-3-06","2","3","06","41,5450324714505","2,454014582871","POINT (2.454014582871 41.5450324714505)"
"Illes","4-5-19","4","5","19","41,5446453466186","2,42984412068795","POINT (2.42984412068795 41.5446453466186)"
"Illes","5-4-12","5","4","12","41,5446513334512","2,42176105424599","POINT (2.42176105424599 41.5446513334512)"
"Illes","5-4-13","5","4","13","41,5448488038923","2,42222772051309","POINT (2.42222772051309 41.5448488038923)"
"Illes","2-3-04","2","3","04","41,5452813330955","2,45378559099899","POINT (2.45378559099899 41.5452813330955)"
"Illes","2-3-05","2","3","05","41,5452424065088","2,4541775710416","POINT (2.4541775710416 41.5452424065088)"
"Illes","2-7-13","2","7","13","41,5448603765692","2,44881944383704","POINT (2.44881944383704 41.5448603765692)"
"Illes","5-21-01","5","21","01","41,5450654152158","2,42636621847905","POINT (2.42636621847905 41.5450654152158)"
"Illes","4-5-04","4","5","04","41,544575430161","2,42806292079277","POINT (2.42806292079277 41.544575430161)"
"Illes","4-4-23","4","4","23","41,5454923329699","2,43393954600445","POINT (2.43393954600445 41.5454923329699)"
"Illes","5-21-02","5","21","02","41,54528448523","2,42526196590097","POINT (2.42526196590097 41.54528448523)"
"Illes","2-7-11","2","7","11","41,545231476831","2,45251964355651","POINT (2.45251964355651 41.545231476831)"
"Illes","2-8-03","2","8","03","41,5446801898692","2,44586168173452","POINT (2.44586168173452 41.5446801898692)"
"Illes","5-3-06","5","3","06","41,5438280624259","2,4262606915512","POINT (2.4262606915512 41.5438280624259)"
"Illes","5-2-09","5","2","09","41,5441776470935","2,42678805974899","POINT (2.42678805974899 41.5441776470935)"
"Illes","2-7-07","2","7","07","41,5441570099678","2,44929180489271","POINT (2.44929180489271 41.5441570099678)"
"Illes","2-7-02","2","7","02","41,5442467884311","2,44760704529554","POINT (2.44760704529554 41.5442467884311)"
"Illes","4-4-16","4","4","16","41,5467029834426","2,43124481201491","POINT (2.43124481201491 41.5467029834426)"
"Illes","4-1-05","4","1","05","41,5466307872807","2,44113778721917","POINT (2.44113778721917 41.5466307872807)"
"Illes","5-21-04","5","21","04","41,5458880719602","2,4266237653581","POINT (2.4266237653581 41.5458880719602)"
"Illes","4-3-09","4","3","09","41,5468498543627","2,4334673795151","POINT (2.4334673795151 41.5468498543627)"
"Illes","4-5-03","4","5","03","41,5464769002077","2,42863895388195","POINT (2.42863895388195 41.5464769002077)"
"Illes","4-3-02","4","3","02","41,5467133598671","2,43426432790439","POINT (2.43426432790439 41.5467133598671)"
"Illes","3-1-09","3","1","09","41,5468550746415","2,45009318668223","POINT (2.45009318668223 41.5468550746415)"
"Illes","4-5-02","4","5","02","41,5467994502378","2,42928694346399","POINT (2.42928694346399 41.5467994502378)"
"Illes","4-3-08","4","3","08","41,546993393331","2,4339648949609","POINT (2.4339648949609 41.546993393331)"
"Illes","3-10-02","3","10","02","41,5469771353939","2,44459806551201","POINT (2.44459806551201 41.5469771353939)"
"Illes","5-21-03","5","21","03","41,5456577427928","2,42452344719865","POINT (2.42452344719865 41.5456577427928)"
"Illes","3-1-03","3","1","03","41,5460413516295","2,44834105823377","POINT (2.44834105823377 41.5460413516295)"
"Illes","2-4-03","2","4","03","41,5461728642547","2,45345997469611","POINT (2.45345997469611 41.5461728642547)"
"Illes","5-4-11","5","4","11","41,545094866608","2,42321706180154","POINT (2.42321706180154 41.545094866608)"
"Illes","4-4-24","4","4","24","41,5456522230123","2,43349922189912","POINT (2.43349922189912 41.5456522230123)"
"Illes","4-5-01","4","5","01","41,546043956691","2,42826231262359","POINT (2.42826231262359 41.546043956691)"
"Illes","4-5-16","4","5","16","41,545951798613","2,4295690337733","POINT (2.4295690337733 41.545951798613)"
"Illes","4-1-02","4","1","02","41,5463170739622","2,44167683961064","POINT (2.44167683961064 41.5463170739622)"
"Illes","3-1-01","3","1","01","41,5462918100575","2,44750650423885","POINT (2.44750650423885 41.5462918100575)"
"Illes","3-1-05","3","1","05","41,5462441253412","2,44949188023687","POINT (2.44949188023687 41.5462441253412)"
"Illes","3-1-04","3","1","04","41,5463376893143","2,44844438189786","POINT (2.44844438189786 41.5463376893143)"
"Illes","4-4-14","4","4","14","41,5461511169162","2,4313948210987","POINT (2.4313948210987 41.5461511169162)"
"Illes","4-4-13","4","4","13","41,5462167348146","2,43248538823408","POINT (2.43248538823408 41.5462167348146)"
"Illes","3-11-02","3","11","02","41,5463429279105","2,44696887410212","POINT (2.44696887410212 41.5463429279105)"
"Illes","4-1-03","4","1","03","41,5464646664217","2,44203546985687","POINT (2.44203546985687 41.5464646664217)"
"Illes","4-4-15","4","4","15","41,54642100347","2,43071076141516","POINT (2.43071076141516 41.54642100347)"
"Illes","4-3-01","4","3","01","41,546530215077","2,43352401383112","POINT (2.43352401383112 41.546530215077)"
"Illes","2-4-04","2","4","04","41,5465714530304","2,45332624251811","POINT (2.45332624251811 41.5465714530304)"
"Illes","4-5-05","4","5","05","41,5462113807809","2,42767293770965","POINT (2.42767293770965 41.5462113807809)"
"Illes","3-1-06","3","1","06","41,5465762686365","2,44919274451235","POINT (2.44919274451235 41.5465762686365)"
"Illes","3-10-01","3","10","01","41,5459792223802","2,44364097608104","POINT (2.44364097608104 41.5459792223802)"
"Illes","4-1-06","4","1","06","41,547011362911","2,44055530639173","POINT (2.44055530639173 41.547011362911)"
"Illes","2-5-02","2","5","02","41,547177062917","2,4529939267656","POINT (2.4529939267656 41.547177062917)"
"Illes","3-1-07","3","1","07","41,5471370769098","2,44825587540309","POINT (2.44825587540309 41.5471370769098)"
"Illes","3-11-03","3","11","03","41,5470996180284","2,44699684696957","POINT (2.44699684696957 41.5470996180284)"
"Illes","4-1-01","4","1","01","41,5459456087301","2,44047871450564","POINT (2.44047871450564 41.5459456087301)"
"Illes","4-5-14","4","5","14","41,5475476119327","2,42756315480059","POINT (2.42756315480059 41.5475476119327)"
"Illes","3-1-10","3","1","10","41,5477740694056","2,44829564634029","POINT (2.44829564634029 41.5477740694056)"
"Illes","3-11-06","3","11","06","41,5478301856036","2,44745134146019","POINT (2.44745134146019 41.5478301856036)"
"Illes","2-5-05","2","5","05","41,5478830919854","2,4529132774358","POINT (2.4529132774358 41.5478830919854)"
"Illes","3-2-01","3","2","01","41,5476886585714","2,45057716316195","POINT (2.45057716316195 41.5476886585714)"
"Illes","3-11-05","3","11","05","41,5478500615884","2,4466936134906","POINT (2.4466936134906 41.5478500615884)"
"Illes","4-1-09","4","1","09","41,5477342681601","2,44073590505941","POINT (2.44073590505941 41.5477342681601)"
"Illes","3-11-04","3","11","04","41,5478819669415","2,44575289451146","POINT (2.44575289451146 41.5478819669415)"
"Illes","3-1-15","3","1","15","41,5479589054404","2,44985055211538","POINT (2.44985055211538 41.5479589054404)"
"Illes","4-4-12","4","4","12","41,5472936527628","2,43267228311711","POINT (2.43267228311711 41.5472936527628)"
"Illes","4-3-04","4","3","04","41,547644624053","2,43468124181254","POINT (2.43468124181254 41.547644624053)"
"Illes","2-5-03","2","5","03","41,5478541798566","2,45222371076605","POINT (2.45222371076605 41.5478541798566)"
"Illes","4-9-04","4","9","04","41,5468445674206","2,43653465478829","POINT (2.43653465478829 41.5468445674206)"
"Illes","4-5-09","4","5","09","41,5471797794744","2,42846806843655","POINT (2.42846806843655 41.5471797794744)"
"Illes","3-11-01","3","11","01","41,5465977944714","2,44585634215077","POINT (2.44585634215077 41.5465977944714)"
"Illes","4-5-11","4","5","11","41,5472862156372","2,42757897189248","POINT (2.42757897189248 41.5472862156372)"
"Illes","4-3-07","4","3","07","41,5472166543936","2,43374883150006","POINT (2.43374883150006 41.5472166543936)"
"Illes","3-10-03","3","10","03","41,547341770006","2,44482071926046","POINT (2.44482071926046 41.547341770006)"
"Illes","4-4-18","4","4","18","41,5471238758545","2,43107642971956","POINT (2.43107642971956 41.5471238758545)"
"Illes","3-10-04","3","10","04","41,5472049008599","2,44397620534615","POINT (2.44397620534615 41.5472049008599)"
"Illes","5-21-05","5","21","05","41,5468704272014","2,42566387291752","POINT (2.42566387291752 41.5468704272014)"
"Illes","4-1-11","4","1","11","41,5473456609719","2,43991751551942","POINT (2.43991751551942 41.5473456609719)"
"Illes","3-9-01","3","9","01","41,5473302339102","2,44232113265956","POINT (2.44232113265956 41.5473302339102)"
"Illes","4-5-13","4","5","13","41,5474090719912","2,42714233195632","POINT (2.42714233195632 41.5474090719912)"
"Illes","2-5-04","2","5","04","41,5475603256009","2,45294993280837","POINT (2.45294993280837 41.5475603256009)"
"Illes","2-5-01","2","5","01","41,5473951687472","2,45185510657687","POINT (2.45185510657687 41.5473951687472)"
"Illes","4-1-07","4","1","07","41,5473840065612","2,44133608901143","POINT (2.44133608901143 41.5473840065612)"
"Illes","4-1-10","4","1","10","41,547513263947","2,4403005202999","POINT (2.4403005202999 41.547513263947)"
"Illes","3-1-12","3","1","12","41,5476010666345","2,44986446350935","POINT (2.44986446350935 41.5476010666345)"
"Illes","4-3-03","4","3","03","41,5473728399396","2,43492046422419","POINT (2.43492046422419 41.5473728399396)"
"Illes","4-4-19","4","4","19","41,547411805636","2,42992930085149","POINT (2.42992930085149 41.547411805636)"
"Illes","4-4-01","4","4","01","41,547540527153","2,4335283460484","POINT (2.4335283460484 41.547540527153)"
"Illes","4-9-05","4","9","05","41,5475237236613","2,43591595224019","POINT (2.43591595224019 41.5475237236613)"
"Illes","3-1-11","3","1","11","41,5476868411647","2,449138268213","POINT (2.449138268213 41.5476868411647)"
"Illes","3-10-05","3","10","05","41,5467752150973","2,44285041166172","POINT (2.44285041166172 41.5467752150973)"
"Illes","4-4-17","4","4","17","41,546781708632","2,4303235882963","POINT (2.4303235882963 41.546781708632)"
"Illes","4-1-04","4","1","04","41,5468952087119","2,44174325290971","POINT (2.44174325290971 41.5468952087119)"
"Illes","3-1-08","3","1","08","41,5470406639371","2,44917508624342","POINT (2.44917508624342 41.5470406639371)"
"Illes","4-5-12","4","5","12","41,5469589725782","2,42734254089486","POINT (2.42734254089486 41.5469589725782)"
"Illes","3-1-02","3","1","02","41,5467610622035","2,44786315468317","POINT (2.44786315468317 41.5467610622035)"
"Illes","4-4-03","4","4","03","41,5482636418479","2,43323168008688","POINT (2.43323168008688 41.5482636418479)"
"Illes","4-3-05","4","3","05","41,5487147212648","2,43428279135764","POINT (2.43428279135764 41.5487147212648)"
"Illes","3-9-07","3","9","07","41,548284277358","2,44347886056125","POINT (2.44347886056125 41.548284277358)"
"Illes","3-11-10","3","11","10","41,5487545046542","2,44755972990937","POINT (2.44755972990937 41.5487545046542)"
"Illes","4-5-15","4","5","15","41,5482691814913","2,42679750250096","POINT (2.42679750250096 41.5482691814913)"
"Illes","4-7-03","4","7","03","41,5485603944314","2,42931290033104","POINT (2.42931290033104 41.5485603944314)"
"Illes","4-2-03","4","2","03","41,5488176700034","2,43563167663274","POINT (2.43563167663274 41.5488176700034)"
"Illes","3-9-03","3","9","03","41,5478525878925","2,44396669874328","POINT (2.44396669874328 41.5478525878925)"
"Illes","3-1-14","3","1","14","41,5480289321803","2,44920346893749","POINT (2.44920346893749 41.5480289321803)"
"Illes","4-1-08","4","1","08","41,5479050267102","2,44111185987985","POINT (2.44111185987985 41.5479050267102)"
"Illes","3-1-13","3","1","13","41,5481078229563","2,44839579407065","POINT (2.44839579407065 41.5481078229563)"
"Illes","4-4-20","4","4","20","41,5477482659011","2,43096167541931","POINT (2.43096167541931 41.5477482659011)"
"Illes","3-11-08","3","11","08","41,548174862734","2,44752891947907","POINT (2.44752891947907 41.548174862734)"
"Illes","3-11-07","3","11","07","41,5481956350386","2,44673510403518","POINT (2.44673510403518 41.5481956350386)"
"Illes","3-9-04","3","9","04","41,5480664086895","2,44431983320292","POINT (2.44431983320292 41.5480664086895)"
"Illes","4-1-12","4","1","12","41,5479935607104","2,43949596336377","POINT (2.43949596336377 41.5479935607104)"
"Illes","4-5-08","4","5","08","41,5476849437194","2,42828620126187","POINT (2.42828620126187 41.5476849437194)"
"Illes","3-9-05","3","9","05","41,5482626535752","2,44465452550175","POINT (2.44465452550175 41.5482626535752)"
"Illes","3-7-01","3","7","01","41,5483021581954","2,44188455933847","POINT (2.44188455933847 41.5483021581954)"
"Illes","3-2-03","3","2","03","41,5483162709512","2,4505580246365","POINT (2.4505580246365 41.5483162709512)"
"Illes","2-5-06","2","5","06","41,5482817442722","2,45279571473046","POINT (2.45279571473046 41.5482817442722)"
"Illes","4-3-06","4","3","06","41,5481713120243","2,4343804541484","POINT (2.4343804541484 41.5481713120243)"
"Illes","3-9-06","3","9","06","41,5484458959135","2,44490561113891","POINT (2.44490561113891 41.5484458959135)"
"Illes","3-2-02","3","2","02","41,5481857299592","2,45139862902158","POINT (2.45139862902158 41.5481857299592)"
"Illes","4-1-13","4","1","13","41,5482899743088","2,44020619726033","POINT (2.44020619726033 41.5482899743088)"
"Illes","3-11-09","3","11","09","41,548487948519","2,44774356608221","POINT (2.44774356608221 41.548487948519)"
"Illes","3-1-16","3","1","16","41,5484936252667","2,44848111479098","POINT (2.44848111479098 41.5484936252667)"
"Illes","4-7-02","4","7","02","41,5482318507583","2,42903285037151","POINT (2.42903285037151 41.5482318507583)"
"Illes","3-9-02","3","9","02","41,5482152363319","2,44261642920249","POINT (2.44261642920249 41.5482152363319)"
"Illes","4-7-01","4","7","01","41,5485152404537","2,42806931563531","POINT (2.42806931563531 41.5485152404537)"
"Illes","4-4-02","4","4","02","41,5482078505865","2,43380921526762","POINT (2.43380921526762 41.5482078505865)"
"Illes","4-1-14","4","1","14","41,548450339659","2,44066745836131","POINT (2.44066745836131 41.548450339659)"
"Illes","3-7-02","3","7","02","41,5486187310242","2,44146967201722","POINT (2.44146967201722 41.5486187310242)"
"Illes","3-3-01","3","3","01","41,5486298864174","2,45211552493283","POINT (2.45211552493283 41.5486298864174)"
"Illes","3-1-17","3","1","17","41,5485022912838","2,44943666252751","POINT (2.44943666252751 41.5485022912838)"
"Illes","3-7-03","3","7","03","41,5487488553495","2,44217510885307","POINT (2.44217510885307 41.5487488553495)"
"Illes","4-4-04","4","4","04","41,5489422218758","2,43384251312118","POINT (2.43384251312118 41.5489422218758)"
"Illes","5-4-14","5","4","14","41,5455576473108","2,42220792901411","POINT (2.42220792901411 41.5455576473108)"
"Illes","3-3-02","3","3","02","41,5488875455966","2,45043190110472","POINT (2.45043190110472 41.5488875455966)"
"Illes","3-8-02","3","8","02","41,5490992130234","2,44181620116559","POINT (2.44181620116559 41.5490992130234)"
"Illes","4-2-01","4","2","01","41,5490265675485","2,43652883084733","POINT (2.43652883084733 41.5490265675485)"
"Illes","3-9-08","3","9","08","41,5489611413993","2,44407994645123","POINT (2.44407994645123 41.5489611413993)"
"Illes","4-1-15","4","1","15","41,5490355573311","2,4392212969623","POINT (2.4392212969623 41.5490355573311)"
"Illes","3-9-10","3","9","10","41,549704729765","2,44386952214626","POINT (2.44386952214626 41.549704729765)"
"Illes","3-4-02","3","4","02","41,5497819895549","2,45111478592513","POINT (2.45111478592513 41.5497819895549)"
"Illes","4-4-07","4","4","07","41,5497202137544","2,43266405400084","POINT (2.43266405400084 41.5497202137544)"
"Illes","3-7-07","3","7","07","41,5498646610526","2,44312470416903","POINT (2.44312470416903 41.5498646610526)"
"Illes","3-7-06","3","7","06","41,5497239029985","2,44239193190208","POINT (2.44239193190208 41.5497239029985)"
"Illes","4-2-11","4","2","11","41,5498415542371","2,43512082934764","POINT (2.43512082934764 41.5498415542371)"
"Illes","3-8-04","3","8","04","41,5497625327738","2,44172906150648","POINT (2.44172906150648 41.5497625327738)"
"Illes","4-2-07","4","2","07","41,5497726652881","2,43364648322865","POINT (2.43364648322865 41.5497726652881)"
"Illes","3-8-03","3","8","03","41,5497473119991","2,44117674790618","POINT (2.44117674790618 41.5497473119991)"
"Illes","4-7-08","4","7","08","41,5489775812396","2,42703172278308","POINT (2.42703172278308 41.5489775812396)"
"Illes","4-4-21","4","4","21","41,5487953973945","2,43119060767249","POINT (2.43119060767249 41.5487953973945)"
"Illes","3-9-12","3","9","12","41,5490824230156","2,44452210724114","POINT (2.44452210724114 41.5490824230156)"
"Illes","4-2-02","4","2","02","41,5491892306675","2,43617036286676","POINT (2.43617036286676 41.5491892306675)"
"Illes","4-4-11","4","4","11","41,5487190763811","2,43246809335388","POINT (2.43246809335388 41.5487190763811)"
"Illes","4-4-05","4","4","05","41,5491291823333","2,43345967980898","POINT (2.43345967980898 41.5491291823333)"
"Illes","3-9-09","3","9","09","41,549101163933","2,44334726375404","POINT (2.44334726375404 41.549101163933)"
"Illes","3-3-04","3","3","04","41,5493410341296","2,45150087206049","POINT (2.45150087206049 41.5493410341296)"
"Illes","4-7-07","4","7","07","41,5490169597463","2,4275739556671","POINT (2.4275739556671 41.5490169597463)"
"Illes","4-7-06","4","7","06","41,5492769197056","2,42861911498558","POINT (2.42861911498558 41.5492769197056)"
"Illes","3-7-05","3","7","05","41,5494645822997","2,44301295827546","POINT (2.44301295827546 41.5494645822997)"
"Illes","4-2-06","4","2","06","41,5490503672913","2,43462538487965","POINT (2.43462538487965 41.5490503672913)"
"Illes","4-2-04","4","2","04","41,5493357945439","2,43549533645526","POINT (2.43549533645526 41.5493357945439)"
"Illes","4-4-06","4","4","06","41,5493645603327","2,43306693944407","POINT (2.43306693944407 41.5493645603327)"
"Illes","3-4-01","3","4","01","41,5494543683015","2,45016579414449","POINT (2.45016579414449 41.5494543683015)"
"Illes","4-2-05","4","2","05","41,5495361843585","2,43474261976252","POINT (2.43474261976252 41.5495361843585)"
"Illes","3-5-03","3","5","03","41,5494854718966","2,44865340370242","POINT (2.44865340370242 41.5494854718966)"
"Illes","3-5-02","3","5","02","41,5493640653419","2,44928101913746","POINT (2.44928101913746 41.5493640653419)"
"Illes","4-7-09","4","7","09","41,5495321108015","2,42726716339959","POINT (2.42726716339959 41.5495321108015)"
"Illes","3-9-13","3","9","13","41,5497008413078","2,44458867703553","POINT (2.44458867703553 41.5497008413078)"
"Illes","3-5-01","3","5","01","41,548983057412","2,44856181930763","POINT (2.44856181930763 41.548983057412)"
"Illes","4-7-04","4","7","04","41,5489193448307","2,42808905087499","POINT (2.42808905087499 41.5489193448307)"
"Illes","3-3-03","3","3","03","41,548971897525","2,45177237018139","POINT (2.45177237018139 41.548971897525)"
"Illes","3-8-01","3","8","01","41,5489944503914","2,44127111024683","POINT (2.44127111024683 41.5489944503914)"
"Illes","4-7-05","4","7","05","41,5488008324853","2,42969643213724","POINT (2.42969643213724 41.5488008324853)"
"Illes","3-7-04","3","7","04","41,5490624241515","2,4427345201505","POINT (2.4427345201505 41.5490624241515)"
"Illes","4-4-22","4","4","22","41,5501426987087","2,42919134854931","POINT (2.42919134854931 41.5501426987087)"
"Illes","3-13-01","3","13","01","41,5508734531905","2,43869533082598","POINT (2.43869533082598 41.5508734531905)"
"Illes","4-4-08","4","4","08","41,5511902977768","2,43230330453617","POINT (2.43230330453617 41.5511902977768)"
"Illes","3-4-07","3","4","07","41,5512541247291","2,44932545861766","POINT (2.44932545861766 41.5512541247291)"
"Illes","3-13-02","3","13","02","41,5512933087889","2,43782603528976","POINT (2.43782603528976 41.5512933087889)"
"Illes","3-5-07","3","5","07","41,5516569972593","2,44877636940082","POINT (2.44877636940082 41.5516569972593)"
"Illes","3-14-02","3","14","02","41,5516839075939","2,44430854163457","POINT (2.44430854163457 41.5516839075939)"
"Illes","3-9-18","3","9","18","41,5513423835223","2,44764098880506","POINT (2.44764098880506 41.5513423835223)"
"Illes","3-13-03","3","13","03","41,5516456040286","2,43710859476115","POINT (2.43710859476115 41.5516456040286)"
"Illes","3-6-24","3","6","24","41,551507786089","2,45377858170813","POINT (2.45377858170813 41.551507786089)"
"Illes","4-2-13","4","2","13","41,5513957174063","2,43539465889527","POINT (2.43539465889527 41.5513957174063)"
"Illes","3-9-14","3","9","14","41,5501984261296","2,44439379133517","POINT (2.44439379133517 41.5501984261296)"
"Illes","4-4-10","4","4","10","41,5499171281997","2,43206085021809","POINT (2.43206085021809 41.5499171281997)"
"Illes","3-4-03","3","4","03","41,5501600431712","2,45053963104225","POINT (2.45053963104225 41.5501600431712)"
"Illes","3-7-08","3","7","08","41,5502695365276","2,44367693001233","POINT (2.44367693001233 41.5502695365276)"
"Illes","3-4-05","3","4","05","41,5502853815497","2,44953333951924","POINT (2.44953333951924 41.5502853815497)"
"Illes","3-7-10","3","7","10","41,5503303457596","2,44309316687561","POINT (2.44309316687561 41.5503303457596)"
"Illes","4-2-08","4","2","08","41,5501581563785","2,43409904919909","POINT (2.43409904919909 41.5501581563785)"
"Illes","3-7-11","3","7","11","41,5503754929166","2,44235279926521","POINT (2.44235279926521 41.5503754929166)"
"Illes","4-2-10","4","2","10","41,5501897882846","2,43285353176129","POINT (2.43285353176129 41.5501897882846)"
"Illes","3-9-17","3","9","17","41,5500264406743","2,44774165993957","POINT (2.44774165993957 41.5500264406743)"
"Illes","3-5-04","3","5","04","41,5502497464575","2,44840681891448","POINT (2.44840681891448 41.5502497464575)"
"Illes","3-8-06","3","8","06","41,5504464508514","2,44164019659154","POINT (2.44164019659154 41.5504464508514)"
"Illes","3-4-04","3","4","04","41,5505537825576","2,45017754625149","POINT (2.45017754625149 41.5505537825576)"
"Illes","3-5-05","3","5","05","41,5503973996003","2,44889020318454","POINT (2.44889020318454 41.5503973996003)"
"Illes","3-8-05","3","8","05","41,550527030801","2,44109193356836","POINT (2.44109193356836 41.550527030801)"
"Illes","4-2-09","4","2","09","41,5506078340611","2,433163341612","POINT (2.433163341612 41.5506078340611)"
"Illes","4-4-09","4","4","09","41,5506267883971","2,43205999159621","POINT (2.43205999159621 41.5506267883971)"
"Illes","3-8-07","3","8","07","41,5501912565981","2,43998874949452","POINT (2.43998874949452 41.5501912565981)"
"Illes","3-4-06","3","4","06","41,5508435474969","2,44959508668607","POINT (2.44959508668607 41.5508435474969)"
"Illes","4-2-12","4","2","12","41,5500984462961","2,43686613593118","POINT (2.43686613593118 41.5500984462961)"
"Illes","3-9-16","3","9","16","41,5496501411916","2,44613509022012","POINT (2.44613509022012 41.5496501411916)"
"Illes","3-9-15","3","9","15","41,5508207329951","2,44468187410975","POINT (2.44468187410975 41.5508207329951)"
"Illes","3-7-09","3","7","09","41,5508332319143","2,44391718820237","POINT (2.44391718820237 41.5508332319143)"
"Illes","3-5-06","3","5","06","41,5510613460834","2,44846419980502","POINT (2.44846419980502 41.5510613460834)"
"Illes","3-14-03","3","14","03","41,5518369099219","2,44290082651732","POINT (2.44290082651732 41.5518369099219)"
"Illes","3-13-04","3","13","04","41,5519995821716","2,43638302748311","POINT (2.43638302748311 41.5519995821716)"
"Illes","3-13-05","3","13","05","41,5523501680989","2,43552809645699","POINT (2.43552809645699 41.5523501680989)"
"Illes","3-6-11","3","6","11","41,5525752915327","2,44740599496386","POINT (2.44740599496386 41.5525752915327)"
"Illes","3-13-08","3","13","08","41,5523818693756","2,43871202005495","POINT (2.43871202005495 41.5523818693756)"
"Illes","2-10-04","2","10","04","41,5392190047618","2,44812440385872","POINT (2.44812440385872 41.5392190047618)"
"Illes","2-8-01","2","8","01","41,5446450006505","2,44431770331754","POINT (2.44431770331754 41.5446450006505)"
"Illes","3-12-01","3","12","01","41,5684147744913","2,4445236833771","POINT (2.4445236833771 41.5684147744913)"
"Illes","2-5-07","2","5","07","41,5552018979418","2,46887436860423","POINT (2.46887436860423 41.5552018979418)"
"Illes","6-9-36","6","9","36","41,5259093349949","2,42855823807072","POINT (2.42855823807072 41.5259093349949)"
"Illes","6-9-42","6","9","42","41,5267979575808","2,42436883794435","POINT (2.42436883794435 41.5267979575808)"
"Illes","6-9-39","6","9","39","41,5268389896607","2,42758853599314","POINT (2.42758853599314 41.5268389896607)"
"Illes","6-9-37","6","9","37","41,5247105240752","2,4243725761057","POINT (2.4243725761057 41.5247105240752)"
"Illes","6-9-43","6","9","43","41,5276524881736","2,4237546612356","POINT (2.4237546612356 41.5276524881736)"
"Illes","6-9-41","6","9","41","41,5280420164648","2,42669430397715","POINT (2.42669430397715 41.5280420164648)"
"Illes","6-9-38","6","9","38","41,5282586627786","2,42907073863348","POINT (2.42907073863348 41.5282586627786)"
"Illes","3-6-02","3","6","02","41,5525058481851","2,44546739155154","POINT (2.44546739155154 41.5525058481851)"
"Illes","3-13-10","3","13","10","41,5525341019829","2,44023857220765","POINT (2.44023857220765 41.5525341019829)"
"Illes","3-6-15","3","6","15","41,5529009587663","2,44792835612045","POINT (2.44792835612045 41.5529009587663)"
"Illes","3-6-03","3","6","03","41,5526492678562","2,44597144710803","POINT (2.44597144710803 41.5526492678562)"
"Illes","3-6-08","3","6","08","41,5528208572346","2,44649479549654","POINT (2.44649479549654 41.5528208572346)"
"Illes","3-13-06","3","13","06","41,5522886681835","2,43769688503912","POINT (2.43769688503912 41.5522886681835)"
"Illes","3-6-12","3","6","12","41,5530118688029","2,44695288592578","POINT (2.44695288592578 41.5530118688029)"
"Illes","3-13-11","3","13","11","41,5529640981979","2,43962734990378","POINT (2.43962734990378 41.5529640981979)"
"Illes","6-1-07","6","1","07","41,5311425779962","2,44444585354849","POINT (2.44444585354849 41.5311425779962)"
"Illes","6-9-32","6","9","32","41,5330345280422","2,42418496664517","POINT (2.42418496664517 41.5330345280422)"
"Illes","6-9-25","6","9","25","41,5235306735761","2,42811258158019","POINT (2.42811258158019 41.5235306735761)"
"Illes","6-9-52","6","9","52","41,5312657441343","2,43430191187034","POINT (2.43430191187034 41.5312657441343)"
"Illes","6-9-01","6","9","01","41,528869069834","2,43941009213419","POINT (2.43941009213419 41.528869069834)"
"Illes","6-1-01","6","1","01","41,5316280055032","2,44334999152899","POINT (2.44334999152899 41.5316280055032)"
"Illes","5-2-04","5","2","04","41,5437524272839","2,42752367626899","POINT (2.42752367626899 41.5437524272839)"
"Illes","4-6-02","4","6","02","41,5436558961044","2,43776169683393","POINT (2.43776169683393 41.5436558961044)"
"Illes","4-5-22","4","5","22","41,5450182434775","2,43101168618321","POINT (2.43101168618321 41.5450182434775)"
"Illes","4-5-29","4","5","29","41,5454377927457","2,43019097503732","POINT (2.43019097503732 41.5454377927457)"
"Illes","4-5-20","4","5","20","41,5450105773666","2,43028171533312","POINT (2.43028171533312 41.5450105773666)"
"Illes","3-9-11","3","9","11","41,5494427721745","2,44419989586002","POINT (2.44419989586002 41.5494427721745)"
"Illes","2-7-10","2","7","10","41,5453673203776","2,45108183231277","POINT (2.45108183231277 41.5453673203776)"
"Illes","3-13-07","3","13","07","41,5518233089466","2,43949961702286","POINT (2.43949961702286 41.5518233089466)"
"Illes","4-2-14","4","2","14","41,5512927869293","2,43374283816651","POINT (2.43374283816651 41.5512927869293)"
"Illes","3-6-01","3","6","01","41,5518586860286","2,4465770300991","POINT (2.4465770300991 41.5518586860286)"
"Illes","6-9-03","6","9","03","41,5312567092325","2,43931161729653","POINT (2.43931161729653 41.5312567092325)"
"Illes","6-9-10","6","9","10","41,5316061245775","2,43269272111555","POINT (2.43269272111555 41.5316061245775)"
"Illes","6-9-28","6","9","28","41,5308088279858","2,42756452539508","POINT (2.42756452539508 41.5308088279858)"
"Illes","6-9-15","6","9","15","41,5313798401843","2,42942383812015","POINT (2.42942383812015 41.5313798401843)"
"Illes","6-9-05","6","9","05","41,5318668232837","2,43842875441211","POINT (2.43842875441211 41.5318668232837)"
"Illes","1-2-07","1","2","07","41,5367344546162","2,44815147138832","POINT (2.44815147138832 41.5367344546162)"
"Illes","1-1-06","1","1","06","41,5364875335133","2,44262124653628","POINT (2.44262124653628 41.5364875335133)"
"Illes","1-2-06","1","2","06","41,5366953671886","2,44677789714499","POINT (2.44677789714499 41.5366953671886)"
"Illes","1-1-01","1","1","01","41,5361405381661","2,44478399930127","POINT (2.44478399930127 41.5361405381661)"
"Illes","6-10-01","6","10","01","41,5320354032016","2,43720218346706","POINT (2.43720218346706 41.5320354032016)"
"Illes","6-10-04","6","10","04","41,5323255608058","2,43640269300079","POINT (2.43640269300079 41.5323255608058)"
"Illes","6-2-01","6","2","01","41,5321410963853","2,44024388663244","POINT (2.44024388663244 41.5321410963853)"
"Illes","6-1-02","6","1","02","41,5319214543519","2,44161146891143","POINT (2.44161146891143 41.5319214543519)"
"Illes","6-9-33","6","9","33","41,5315312728951","2,42248504547464","POINT (2.42248504547464 41.5315312728951)"
"Illes","6-10-03","6","10","03","41,5326522972139","2,43678822472182","POINT (2.43678822472182 41.5326522972139)"
"Illes","6-10-08","6","10","08","41,5326320069464","2,43791780299375","POINT (2.43791780299375 41.5326320069464)"
"Illes","6-14-06","6","14","06","41,5368181893744","2,43436762994748","POINT (2.43436762994748 41.5368181893744)"
"Illes","6-13-01","6","13","01","41,5367873304853","2,43014519601054","POINT (2.43014519601054 41.5367873304853)"
"Illes","5-9-06","5","9","06","41,5367720223011","2,42325499632581","POINT (2.42325499632581 41.5367720223011)"
"Illes","6-9-14","6","9","14","41,5322266088448","2,43077125771394","POINT (2.43077125771394 41.5322266088448)"
"Illes","6-9-18","6","9","18","41,5323726314613","2,42831435924212","POINT (2.42831435924212 41.5323726314613)"
"Illes","6-2-07","6","2","07","41,5327457556727","2,43948752478555","POINT (2.43948752478555 41.5327457556727)"
"Illes","6-1-03","6","1","03","41,5328048016203","2,44291890005657","POINT (2.44291890005657 41.5328048016203)"
"Illes","6-10-05","6","10","05","41,5329688690252","2,43605131243902","POINT (2.43605131243902 41.5329688690252)"
"Illes","6-2-02","6","2","02","41,5328577855247","2,44113907908357","POINT (2.44113907908357 41.5328577855247)"
"Illes","6-10-02","6","10","02","41,5330905589955","2,4373585015053","POINT (2.4373585015053 41.5330905589955)"
"Illes","6-13-08","6","13","08","41,5367677730469","2,42926775243399","POINT (2.42926775243399 41.5367677730469)"
"Illes","6-7-04","6","7","04","41,5369414800425","2,4317778932665","POINT (2.4317778932665 41.5369414800425)"
"Illes","6-4-04","6","4","04","41,536688933832","2,43867467585857","POINT (2.43867467585857 41.536688933832)"
"Illes","6-4-01","6","4","01","41,5369473037234","2,4402656628929","POINT (2.4402656628929 41.5369473037234)"
"Illes","6-9-13","6","9","13","41,5327731963054","2,43201536886614","POINT (2.43201536886614 41.5327731963054)"
"Illes","6-1-04","6","1","04","41,5331780901114","2,44360455223568","POINT (2.44360455223568 41.5331780901114)"
"Illes","6-3-12","6","3","12","41,533332643147","2,43877847769783","POINT (2.43877847769783 41.533332643147)"
"Illes","6-10-06","6","10","06","41,5335219130093","2,43680774915061","POINT (2.43680774915061 41.5335219130093)"
"Illes","6-9-17","6","9","17","41,5332727736297","2,4298057527553","POINT (2.4298057527553 41.5332727736297)"
"Illes","6-2-06","6","2","06","41,5334851608652","2,44038815985566","POINT (2.44038815985566 41.5334851608652)"
"Illes","5-13-02","5","13","02","41,5369919119982","2,4280756568204","POINT (2.4280756568204 41.5369919119982)"
"Illes","6-14-04","6","14","04","41,5370333797659","2,43590406407953","POINT (2.43590406407953 41.5370333797659)"
"Illes","1-1-08","1","1","08","41,5369457299729","2,44155595830507","POINT (2.44155595830507 41.5369457299729)"
"Illes","1-2-08","1","2","08","41,5369795720398","2,44861282346523","POINT (2.44861282346523 41.5369795720398)"
"Illes","6-2-03","6","2","03","41,5335763209605","2,44210763987699","POINT (2.44210763987699 41.5335763209605)"
"Illes","6-9-21","6","9","21","41,5332956629737","2,42728071607494","POINT (2.42728071607494 41.5332956629737)"
"Illes","6-1-05","6","1","05","41,5336862073996","2,44438010653596","POINT (2.44438010653596 41.5336862073996)"
"Illes","6-3-11","6","3","11","41,5337673316484","2,43822495549023","POINT (2.43822495549023 41.5337673316484)"
"Illes","6-9-16","6","9","16","41,5339296189724","2,43132575637747","POINT (2.43132575637747 41.5339296189724)"
"Illes","5-10-03","5","10","03","41,5370650209069","2,42388721607486","POINT (2.42388721607486 41.5370650209069)"
"Illes","6-7-02","6","7","02","41,5371405399046","2,43270428606071","POINT (2.43270428606071 41.5371405399046)"
"Illes","5-9-01","5","9","01","41,5369810136361","2,42160491032591","POINT (2.42160491032591 41.5369810136361)"
"Illes","5-9-02","5","9","02","41,5371233470688","2,42213023581487","POINT (2.42213023581487 41.5371233470688)"
"Illes","1-2-02","1","2","02","41,5371622190886","2,4455754513876","POINT (2.4455754513876 41.5371622190886)"
"Illes","6-3-09","6","3","09","41,5340551623048","2,43966194730843","POINT (2.43966194730843 41.5340551623048)"
"Illes","6-3-13","6","3","13","41,5342706446313","2,43886714034547","POINT (2.43886714034547 41.5342706446313)"
"Illes","1-1-05","1","1","05","41,534186112431","2,44484303813148","POINT (2.44484303813148 41.534186112431)"
"Illes","6-3-10","6","3","10","41,5341977371124","2,43770691000027","POINT (2.43770691000027 41.5341977371124)"
"Illes","6-9-24","6","9","24","41,5341563289233","2,42627144169903","POINT (2.42627144169903 41.5341563289233)"
"Illes","6-2-05","6","2","05","41,5342637946778","2,44136813873316","POINT (2.44136813873316 41.5342637946778)"
"Illes","6-5-01","6","5","01","41,5372465464968","2,43099522696015","POINT (2.43099522696015 41.5372465464968)"
"Illes","6-4-05","6","4","05","41,5372219077832","2,43747351682563","POINT (2.43747351682563 41.5372219077832)"
"Illes","5-11-04","5","11","04","41,5370715799244","2,42588664444292","POINT (2.42588664444292 41.5370715799244)"
"Illes","5-10-01","5","10","01","41,537306595422","2,42440797095093","POINT (2.42440797095093 41.537306595422)"
"Illes","5-9-03","5","9","03","41,5373381030197","2,4227711196115","POINT (2.4227711196115 41.5373381030197)"
"Illes","5-13-03","5","13","03","41,5375440273465","2,42786727801486","POINT (2.42786727801486 41.5375440273465)"
"Illes","1-1-04","1","1","04","41,5343055280908","2,44537701047143","POINT (2.44537701047143 41.5343055280908)"
"Illes","6-3-08","6","3","08","41,5346060411752","2,439298943174","POINT (2.439298943174 41.5346060411752)"
"Illes","6-10-07","6","10","07","41,5335656602258","2,43455639421391","POINT (2.43455639421391 41.5335656602258)"
"Illes","6-9-20","6","9","20","41,5342684292693","2,42888629667575","POINT (2.42888629667575 41.5342684292693)"
"Illes","6-11-02","6","11","02","41,5346318070942","2,43714835017631","POINT (2.43714835017631 41.5346318070942)"
"Illes","6-4-14","6","4","14","41,5374467698951","2,43822200410471","POINT (2.43822200410471 41.5374467698951)"
"Illes","6-7-01","6","7","01","41,5374413473564","2,43390425418914","POINT (2.43390425418914 41.5374413473564)"
"Illes","1-1-07","1","1","07","41,5373610988424","2,44217465442084","POINT (2.44217465442084 41.5373610988424)"
"Illes","6-4-13","6","4","13","41,5376095528074","2,43868647922667","POINT (2.43868647922667 41.5376095528074)"
"Illes","6-8-01","6","8","01","41,5375665616452","2,42934238385132","POINT (2.42934238385132 41.5375665616452)"
"Illes","6-13-02","6","13","02","41,5375557832263","2,43036016591911","POINT (2.43036016591911 41.5375557832263)"
"Illes","6-3-06","6","3","06","41,5348168156497","2,44077501241397","POINT (2.44077501241397 41.5348168156497)"
"Illes","6-12-04","6","12","04","41,5345395024551","2,43240242053569","POINT (2.43240242053569 41.5345395024551)"
"Illes","6-2-04","6","2","04","41,5344351094156","2,44244270214093","POINT (2.44244270214093 41.5344351094156)"
"Illes","6-3-07","6","3","07","41,5349010699557","2,43862183586718","POINT (2.43862183586718 41.5349010699557)"
"Illes","5-10-07","5","10","07","41,5375252102101","2,42529601407631","POINT (2.42529601407631 41.5375252102101)"
"Illes","5-10-04","5","10","04","41,5376127258212","2,42337538187366","POINT (2.42337538187366 41.5376127258212)"
"Illes","2-1-05","2","1","05","41,5374270048203","2,44944168261684","POINT (2.44944168261684 41.5374270048203)"
"Illes","1-2-01","1","2","01","41,5377071031951","2,44512819057327","POINT (2.44512819057327 41.5377071031951)"
"Illes","1-2-03","1","2","03","41,5375370440682","2,44694809292648","POINT (2.44694809292648 41.5375370440682)"
"Illes","1-1-03","1","1","03","41,5348430222823","2,44602291740277","POINT (2.44602291740277 41.5348430222823)"
"Illes","6-9-27","6","9","27","41,5348805611761","2,43024067525213","POINT (2.43024067525213 41.5348805611761)"
"Illes","6-1-06","6","1","06","41,534836437834","2,44315603838806","POINT (2.44315603838806 41.534836437834)"
"Illes","5-12-01","5","12","01","41,53521337938","2,4236562617446","POINT (2.4236562617446 41.53521337938)"
"Illes","6-11-04","6","11","04","41,5351762963361","2,43646920191091","POINT (2.43646920191091 41.5351762963361)"
"Illes","6-4-03","6","4","03","41,5375922283882","2,43955722754627","POINT (2.43955722754627 41.5375922283882)"
"Illes","6-4-08","6","4","08","41,5377163291746","2,43538545380174","POINT (2.43538545380174 41.5377163291746)"
"Illes","1-4-04","1","4","04","41,5374433416498","2,44317285270387","POINT (2.44317285270387 41.5374433416498)"
"Illes","6-7-03","6","7","03","41,5376008217151","2,43241073566849","POINT (2.43241073566849 41.5376008217151)"
"Illes","6-9-19","6","9","19","41,5351145000772","2,43109716290917","POINT (2.43109716290917 41.5351145000772)"
"Illes","5-13-06","5","13","06","41,535505249758","2,42657584182427","POINT (2.42657584182427 41.535505249758)"
"Illes","6-11-01","6","11","01","41,5353248625673","2,43807968684512","POINT (2.43807968684512 41.5353248625673)"
"Illes","6-3-05","6","3","05","41,5353151770981","2,44020786748657","POINT (2.44020786748657 41.5353151770981)"
"Illes","5-11-05","5","11","05","41,5375897866703","2,42696909630499","POINT (2.42696909630499 41.5375897866703)"
"Illes","5-8-06","5","8","06","41,5378062344323","2,42136272725246","POINT (2.42136272725246 41.5378062344323)"
"Illes","6-5-02","6","5","02","41,5378222856801","2,43150912911489","POINT (2.43150912911489 41.5378222856801)"
"Illes","5-8-07","5","8","07","41,5378787230965","2,42189355659413","POINT (2.42189355659413 41.5378787230965)"
"Illes","5-10-02","5","10","02","41,5378750868458","2,42387775153107","POINT (2.42387775153107 41.5378750868458)"
"Illes","1-1-09","1","1","09","41,5379320782356","2,44158002878275","POINT (2.44158002878275 41.5379320782356)"
"Illes","6-9-23","6","9","23","41,5352164399191","2,42801032340186","POINT (2.42801032340186 41.5352164399191)"
"Illes","5-13-07","5","13","07","41,5351235076993","2,425088204911","POINT (2.425088204911 41.5351235076993)"
"Illes","1-2-09","1","2","09","41,5354140170133","2,44680177354341","POINT (2.44680177354341 41.5354140170133)"
"Illes","1-2-10","1","2","10","41,5343461514715","2,44853577859732","POINT (2.44853577859732 41.5343461514715)"
"Illes","5-10-06","5","10","06","41,5378695497788","2,4251165750421","POINT (2.4251165750421 41.5378695497788)"
"Illes","6-4-11","6","4","11","41,5381360885418","2,43468763684558","POINT (2.43468763684558 41.5381360885418)"
"Illes","1-1-11","1","1","11","41,5379664160059","2,44035223190996","POINT (2.44035223190996 41.5379664160059)"
"Illes","1-2-04","1","2","04","41,5378583052045","2,44770448340041","POINT (2.44770448340041 41.5378583052045)"
"Illes","6-3-03","6","3","03","41,5356504117969","2,44170201285546","POINT (2.44170201285546 41.5356504117969)"
"Illes","6-14-01","6","14","01","41,5356756103983","2,43586255912791","POINT (2.43586255912791 41.5356756103983)"
"Illes","5-11-01","5","11","01","41,5356477188418","2,42296704779279","POINT (2.42296704779279 41.5356477188418)"
"Illes","6-12-01","6","12","01","41,5350227514308","2,43367306960259","POINT (2.43367306960259 41.5350227514308)"
"Illes","6-9-22","6","9","22","41,5358803831168","2,43004480250028","POINT (2.43004480250028 41.5358803831168)"
"Illes","6-8-02","6","8","02","41,5380149487252","2,42960631550867","POINT (2.42960631550867 41.5380149487252)"
"Illes","5-8-01","5","8","01","41,5380911766817","2,42296135468478","POINT (2.42296135468478 41.5380911766817)"
"Illes","6-4-10","6","4","10","41,5382205451998","2,43512614536154","POINT (2.43512614536154 41.5382205451998)"
"Illes","5-11-06","5","11","06","41,5379708468218","2,42656217098355","POINT (2.42656217098355 41.5379708468218)"
"Illes","6-4-06","6","4","06","41,53807697796","2,43732969262667","POINT (2.43732969262667 41.53807697796)"
"Illes","6-3-04","6","3","04","41,5357604810219","2,43973811243074","POINT (2.43973811243074 41.5357604810219)"
"Illes","6-11-03","6","11","03","41,5358418785598","2,43743531436077","POINT (2.43743531436077 41.5358418785598)"
"Illes","5-12-02","5","12","02","41,5359768896428","2,42506769113684","POINT (2.42506769113684 41.5359768896428)"
"Illes","1-1-02","1","1","02","41,535452568091","2,4438221610499","POINT (2.4438221610499 41.535452568091)"
"Illes","6-14-03","6","14","03","41,5360277823882","2,43536606432228","POINT (2.43536606432228 41.5360277823882)"
"Illes","1-4-03","1","4","03","41,5379935583","2,44350068353063","POINT (2.44350068353063 41.5379935583)"
"Illes","6-13-03","6","13","03","41,5381585839583","2,43085268850857","POINT (2.43085268850857 41.5381585839583)"
"Illes","6-4-09","6","4","09","41,5383312167556","2,43569804699218","POINT (2.43569804699218 41.5383312167556)"
"Illes","1-1-10","1","1","10","41,5383154985496","2,44114463287425","POINT (2.44114463287425 41.5383154985496)"
"Illes","5-13-05","5","13","05","41,5360265612436","2,42673359415256","POINT (2.42673359415256 41.5360265612436)"
"Illes","5-11-02","5","11","02","41,5361147670083","2,42378855191111","POINT (2.42378855191111 41.5361147670083)"
"Illes","6-12-03","6","12","03","41,535921334721","2,43178316167858","POINT (2.43178316167858 41.535921334721)"
"Illes","6-3-02","6","3","02","41,5360844802674","2,44120639256812","POINT (2.44120639256812 41.5360844802674)"
"Illes","5-9-04","5","9","04","41,5362482817406","2,42201803172732","POINT (2.42201803172732 41.5362482817406)"
"Illes","5-13-04","5","13","04","41,5364027762385","2,42769615953324","POINT (2.42769615953324 41.5364027762385)"
"Illes","2-1-06","2","1","06","41,5380253312445","2,4506605500449","POINT (2.4506605500449 41.5380253312445)"
"Illes","6-7-05","6","7","05","41,5383494191952","2,43360088998697","POINT (2.43360088998697 41.5383494191952)"
"Illes","6-5-03","6","5","03","41,5382928908948","2,43200825499634","POINT (2.43200825499634 41.5382928908948)"
"Illes","5-8-02","5","8","02","41,5383621486392","2,42342781389226","POINT (2.42342781389226 41.5383621486392)"
"Illes","5-10-09","5","10","09","41,5383545425682","2,42605789287141","POINT (2.42605789287141 41.5383545425682)"
"Illes","6-9-31","6","9","31","41,532060260548","2,42506622720165","POINT (2.42506622720165 41.532060260548)"
"Illes","6-9-40","6","9","40","41,5259601815922","2,42513163194443","POINT (2.42513163194443 41.5259601815922)"
"Illes","6-9-35","6","9","35","41,5269929030448","2,43026262948813","POINT (2.43026262948813 41.5269929030448)"
"Illes","6-9-34","6","9","34","41,5284794036306","2,43174893062004","POINT (2.43174893062004 41.5284794036306)"
"Illes","6-9-09","6","9","09","41,5287732219952","2,43725580897273","POINT (2.43725580897273 41.5287732219952)"
"Illes","1-2-05","1","2","05","41,5362451970513","2,44593455204709","POINT (2.44593455204709 41.5362451970513)"
"Illes","6-14-05","6","14","05","41,5364160918544","2,43492001147852","POINT (2.43492001147852 41.5364160918544)"
"Illes","6-12-02","6","12","02","41,5362058352945","2,43270729268921","POINT (2.43270729268921 41.5362058352945)"
"Illes","6-4-02","6","4","02","41,536192962634","2,43924161370981","POINT (2.43924161370981 41.536192962634)"
"Illes","6-8-04","6","8","04","41,5384349740938","2,43026747233967","POINT (2.43026747233967 41.5384349740938)"
"Illes","1-7-08","1","7","08","41,5384011229855","2,43873607631623","POINT (2.43873607631623 41.5384011229855)"
"Illes","5-10-05","5","10","05","41,5383246182853","2,42472651625482","POINT (2.42472651625482 41.5383246182853)"
"Illes","5-8-04","5","8","04","41,5385015516284","2,42210366164449","POINT (2.42210366164449 41.5385015516284)"
"Illes","6-4-12","6","4","12","41,5386646607417","2,435153835714","POINT (2.435153835714 41.5386646607417)"
"Illes","6-9-30","6","9","30","41,5295660836312","2,42304884537226","POINT (2.42304884537226 41.5295660836312)"
"Illes","6-9-04","6","9","04","41,5306778225525","2,43815647654748","POINT (2.43815647654748 41.5306778225525)"
"Illes","6-9-07","6","9","07","41,530376660328","2,43658863315475","POINT (2.43658863315475 41.530376660328)"
"Illes","6-9-12","6","9","12","41,5304647564718","2,43053732749451","POINT (2.43053732749451 41.5304647564718)"
"Illes","5-9-05","5","9","05","41,5364544408345","2,42253886904886","POINT (2.42253886904886 41.5364544408345)"
"Illes","5-11-03","5","11","03","41,5364888274395","2,42474032561868","POINT (2.42474032561868 41.5364888274395)"
"Illes","6-14-02","6","14","02","41,5364201816838","2,43668412117332","POINT (2.43668412117332 41.5364201816838)"
"Illes","6-3-01","6","3","01","41,5365204027575","2,44073936625828","POINT (2.44073936625828 41.5365204027575)"
"Illes","5-12-03","5","12","03","41,5364930209302","2,42635886943027","POINT (2.42635886943027 41.5364930209302)"
"Illes","5-13-01","5","13","01","41,5366044927181","2,42832123460466","POINT (2.42832123460466 41.5366044927181)"
"Illes","2-1-01","2","1","01","41,5383242536271","2,44880656090176","POINT (2.44880656090176 41.5383242536271)"
"Illes","6-5-04","6","5","04","41,5387460297698","2,43232670233123","POINT (2.43232670233123 41.5387460297698)"
"Illes","1-7-05","1","7","05","41,5385522852989","2,43979384924536","POINT (2.43979384924536 41.5385522852989)"
"Illes","5-8-03","5","8","03","41,5387338283557","2,42308199145869","POINT (2.42308199145869 41.5387338283557)"
"Illes","5-1-07","5","1","07","41,5418478776146","2,43146477116349","POINT (2.43146477116349 41.5418478776146)"
"Illes","6-9-02","6","9","02","41,5298477346514","2,43887562489634","POINT (2.43887562489634 41.5298477346514)"
"Illes","6-9-29","6","9","29","41,530358941641","2,42553651106577","POINT (2.42553651106577 41.530358941641)"
"Illes","6-9-06","6","9","06","41,5310984199806","2,43751178337171","POINT (2.43751178337171 41.5310984199806)"
"Illes","6-9-11","6","9","11","41,5309498534971","2,43195726144854","POINT (2.43195726144854 41.5309498534971)"
